tabel;id_prov;id_kab;id_komoditas;id_kec;prov;kab;kec;n_utp_tunggal;n_utp_campuran;n_utp_tumpang_sari;n_utp_asosiasi_antar_semusim;n_utp_jumlah;n_utp
BAB_5_tabel_5_39_komoditas;[53] NUSA TENGGARA TIMUR;[5310] SIKKA;2306;[5310010] PAGA;53;5310;5310010;0;0;0;0;0;0
BAB_5_tabel_5_39_komoditas;[53] NUSA TENGGARA TIMUR;[5310] SIKKA;2306;[5310011] MEGO;53;5310;5310011;0;0;0;0;0;0
BAB_5_tabel_5_39_komoditas;[53] NUSA TENGGARA TIMUR;[5310] SIKKA;2306;[5310012] TANA WAWO;53;5310;5310012;0;0;0;0;0;0
BAB_5_tabel_5_39_komoditas;[53] NUSA TENGGARA TIMUR;[5310] SIKKA;2306;[5310020] LELA;53;5310;5310020;0;0;0;0;0;0
BAB_5_tabel_5_39_komoditas;[53] NUSA TENGGARA TIMUR;[5310] SIKKA;2306;[5310030] BOLA;53;5310;5310030;0;0;0;0;0;0
BAB_5_tabel_5_39_komoditas;[53] NUSA TENGGARA TIMUR;[5310] SIKKA;2306;[5310031] DORENG;53;5310;5310031;0;0;0;0;0;0
BAB_5_tabel_5_39_komoditas;[53] NUSA TENGGARA TIMUR;[5310] SIKKA;2306;[5310032] MAPITARA;53;5310;5310032;0;0;0;0;0;0
BAB_5_tabel_5_39_komoditas;[53] NUSA TENGGARA TIMUR;[5310] SIKKA;2306;[5310040] TALIBURA;53;5310;5310040;0;0;0;2;2;2
BAB_5_tabel_5_39_komoditas;[53] NUSA TENGGARA TIMUR;[5310] SIKKA;2306;[5310041] WAIGETE;53;5310;5310041;0;1;0;0;1;1
BAB_5_tabel_5_39_komoditas;[53] NUSA TENGGARA TIMUR;[5310] SIKKA;2306;[5310042] WAIBLAMA;53;5310;5310042;0;0;0;0;0;0
BAB_5_tabel_5_39_komoditas;[53] NUSA TENGGARA TIMUR;[5310] SIKKA;2306;[5310050] KEWAPANTE;53;5310;5310050;0;0;0;0;0;0
BAB_5_tabel_5_39_komoditas;[53] NUSA TENGGARA TIMUR;[5310] SIKKA;2306;[5310051] HEWOKLOANG;53;5310;5310051;0;0;0;0;0;0
BAB_5_tabel_5_39_komoditas;[53] NUSA TENGGARA TIMUR;[5310] SIKKA;2306;[5310052] KANGAE;53;5310;5310052;0;6;0;0;6;6
BAB_5_tabel_5_39_komoditas;[53] NUSA TENGGARA TIMUR;[5310] SIKKA;2306;[5310061] PALUE;53;5310;5310061;0;0;0;0;0;0
BAB_5_tabel_5_39_komoditas;[53] NUSA TENGGARA TIMUR;[5310] SIKKA;2306;[5310062] KOTING;53;5310;5310062;0;13;0;0;13;13
BAB_5_tabel_5_39_komoditas;[53] NUSA TENGGARA TIMUR;[5310] SIKKA;2306;[5310063] NELLE;53;5310;5310063;0;2;0;0;2;2
BAB_5_tabel_5_39_komoditas;[53] NUSA TENGGARA TIMUR;[5310] SIKKA;2306;[5310070] NITA;53;5310;5310070;0;0;0;0;0;0
BAB_5_tabel_5_39_komoditas;[53] NUSA TENGGARA TIMUR;[5310] SIKKA;2306;[5310071] MAGEPANDA;53;5310;5310071;0;0;0;0;0;0
BAB_5_tabel_5_39_komoditas;[53] NUSA TENGGARA TIMUR;[5310] SIKKA;2306;[5310080] ALOK;53;5310;5310080;0;3;0;0;3;3
BAB_5_tabel_5_39_komoditas;[53] NUSA TENGGARA TIMUR;[5310] SIKKA;2306;[5310081] ALOK BARAT;53;5310;5310081;3;3;0;1;7;7
BAB_5_tabel_5_39_komoditas;[53] NUSA TENGGARA TIMUR;[5310] SIKKA;2306;[5310082] ALOK TIMUR;53;5310;5310082;0;1;0;1;2;2
BAB_5_tabel_5_39_komoditas;[53] NUSA TENGGARA TIMUR;[5310] SIKKA;2306;[5310] SIKKA;53;5310;5310999;3;29;0;4;36;36
BAB_5_tabel_5_39_komoditas;[53] NUSA TENGGARA TIMUR;[5310] SIKKA;3101;[5310010] PAGA;53;5310;5310010;2;9;0;0;11;11
BAB_5_tabel_5_39_komoditas;[53] NUSA TENGGARA TIMUR;[5310] SIKKA;3101;[5310011] MEGO;53;5310;5310011;0;23;0;0;23;23
BAB_5_tabel_5_39_komoditas;[53] NUSA TENGGARA TIMUR;[5310] SIKKA;3101;[5310012] TANA WAWO;53;5310;5310012;2;35;1;1;39;39
BAB_5_tabel_5_39_komoditas;[53] NUSA TENGGARA TIMUR;[5310] SIKKA;3101;[5310020] LELA;53;5310;5310020;0;1;0;0;1;1
BAB_5_tabel_5_39_komoditas;[53] NUSA TENGGARA TIMUR;[5310] SIKKA;3101;[5310030] BOLA;53;5310;5310030;0;0;0;0;0;0
BAB_5_tabel_5_39_komoditas;[53] NUSA TENGGARA TIMUR;[5310] SIKKA;3101;[5310031] DORENG;53;5310;5310031;0;0;0;0;0;0
BAB_5_tabel_5_39_komoditas;[53] NUSA TENGGARA TIMUR;[5310] SIKKA;3101;[5310032] MAPITARA;53;5310;5310032;0;0;0;0;0;0
BAB_5_tabel_5_39_komoditas;[53] NUSA TENGGARA TIMUR;[5310] SIKKA;3101;[5310040] TALIBURA;53;5310;5310040;0;1;0;0;1;1
BAB_5_tabel_5_39_komoditas;[53] NUSA TENGGARA TIMUR;[5310] SIKKA;3101;[5310041] WAIGETE;53;5310;5310041;0;0;0;0;0;0
BAB_5_tabel_5_39_komoditas;[53] NUSA TENGGARA TIMUR;[5310] SIKKA;3101;[5310042] WAIBLAMA;53;5310;5310042;0;0;0;0;0;0
BAB_5_tabel_5_39_komoditas;[53] NUSA TENGGARA TIMUR;[5310] SIKKA;3101;[5310050] KEWAPANTE;53;5310;5310050;0;1;0;0;1;1
BAB_5_tabel_5_39_komoditas;[53] NUSA TENGGARA TIMUR;[5310] SIKKA;3101;[5310051] HEWOKLOANG;53;5310;5310051;0;2;0;0;2;2
BAB_5_tabel_5_39_komoditas;[53] NUSA TENGGARA TIMUR;[5310] SIKKA;3101;[5310052] KANGAE;53;5310;5310052;0;2;0;0;2;2
BAB_5_tabel_5_39_komoditas;[53] NUSA TENGGARA TIMUR;[5310] SIKKA;3101;[5310061] PALUE;53;5310;5310061;0;1;0;0;1;1
BAB_5_tabel_5_39_komoditas;[53] NUSA TENGGARA TIMUR;[5310] SIKKA;3101;[5310062] KOTING;53;5310;5310062;0;3;0;0;3;3
BAB_5_tabel_5_39_komoditas;[53] NUSA TENGGARA TIMUR;[5310] SIKKA;3101;[5310063] NELLE;53;5310;5310063;0;0;0;0;0;0
BAB_5_tabel_5_39_komoditas;[53] NUSA TENGGARA TIMUR;[5310] SIKKA;3101;[5310070] NITA;53;5310;5310070;4;125;0;0;129;129
BAB_5_tabel_5_39_komoditas;[53] NUSA TENGGARA TIMUR;[5310] SIKKA;3101;[5310071] MAGEPANDA;53;5310;5310071;1;0;0;0;1;1
BAB_5_tabel_5_39_komoditas;[53] NUSA TENGGARA TIMUR;[5310] SIKKA;3101;[5310080] ALOK;53;5310;5310080;0;0;0;0;0;0
BAB_5_tabel_5_39_komoditas;[53] NUSA TENGGARA TIMUR;[5310] SIKKA;3101;[5310081] ALOK BARAT;53;5310;5310081;0;0;0;0;0;0
BAB_5_tabel_5_39_komoditas;[53] NUSA TENGGARA TIMUR;[5310] SIKKA;3101;[5310082] ALOK TIMUR;53;5310;5310082;0;2;1;0;3;3
BAB_5_tabel_5_39_komoditas;[53] NUSA TENGGARA TIMUR;[5310] SIKKA;3101;[5310] SIKKA;53;5310;5310999;9;205;2;1;217;217
BAB_5_tabel_5_39_komoditas;[53] NUSA TENGGARA TIMUR;[5310] SIKKA;3102;[5310010] PAGA;53;5310;5310010;7;18;0;0;25;25
BAB_5_tabel_5_39_komoditas;[53] NUSA TENGGARA TIMUR;[5310] SIKKA;3102;[5310011] MEGO;53;5310;5310011;0;1;0;0;1;1
BAB_5_tabel_5_39_komoditas;[53] NUSA TENGGARA TIMUR;[5310] SIKKA;3102;[5310012] TANA WAWO;53;5310;5310012;0;0;0;0;0;0
BAB_5_tabel_5_39_komoditas;[53] NUSA TENGGARA TIMUR;[5310] SIKKA;3102;[5310020] LELA;53;5310;5310020;0;25;0;1;26;26
BAB_5_tabel_5_39_komoditas;[53] NUSA TENGGARA TIMUR;[5310] SIKKA;3102;[5310030] BOLA;53;5310;5310030;2;76;0;1;79;79
BAB_5_tabel_5_39_komoditas;[53] NUSA TENGGARA TIMUR;[5310] SIKKA;3102;[5310031] DORENG;53;5310;5310031;1;71;0;0;72;72
BAB_5_tabel_5_39_komoditas;[53] NUSA TENGGARA TIMUR;[5310] SIKKA;3102;[5310032] MAPITARA;53;5310;5310032;0;7;0;0;7;7
BAB_5_tabel_5_39_komoditas;[53] NUSA TENGGARA TIMUR;[5310] SIKKA;3102;[5310040] TALIBURA;53;5310;5310040;52;186;12;41;291;291
BAB_5_tabel_5_39_komoditas;[53] NUSA TENGGARA TIMUR;[5310] SIKKA;3102;[5310041] WAIGETE;53;5310;5310041;98;826;102;140;1166;1166
BAB_5_tabel_5_39_komoditas;[53] NUSA TENGGARA TIMUR;[5310] SIKKA;3102;[5310042] WAIBLAMA;53;5310;5310042;13;130;3;2;148;148
BAB_5_tabel_5_39_komoditas;[53] NUSA TENGGARA TIMUR;[5310] SIKKA;3102;[5310050] KEWAPANTE;53;5310;5310050;42;316;4;23;385;385
BAB_5_tabel_5_39_komoditas;[53] NUSA TENGGARA TIMUR;[5310] SIKKA;3102;[5310051] HEWOKLOANG;53;5310;5310051;10;166;1;0;177;177
BAB_5_tabel_5_39_komoditas;[53] NUSA TENGGARA TIMUR;[5310] SIKKA;3102;[5310052] KANGAE;53;5310;5310052;139;644;28;7;818;819
BAB_5_tabel_5_39_komoditas;[53] NUSA TENGGARA TIMUR;[5310] SIKKA;3102;[5310061] PALUE;53;5310;5310061;0;1;0;0;1;1
BAB_5_tabel_5_39_komoditas;[53] NUSA TENGGARA TIMUR;[5310] SIKKA;3102;[5310062] KOTING;53;5310;5310062;0;24;0;0;24;24
BAB_5_tabel_5_39_komoditas;[53] NUSA TENGGARA TIMUR;[5310] SIKKA;3102;[5310063] NELLE;53;5310;5310063;0;34;0;0;34;34
BAB_5_tabel_5_39_komoditas;[53] NUSA TENGGARA TIMUR;[5310] SIKKA;3102;[5310070] NITA;53;5310;5310070;4;83;0;0;87;87
BAB_5_tabel_5_39_komoditas;[53] NUSA TENGGARA TIMUR;[5310] SIKKA;3102;[5310071] MAGEPANDA;53;5310;5310071;221;41;50;7;319;319
BAB_5_tabel_5_39_komoditas;[53] NUSA TENGGARA TIMUR;[5310] SIKKA;3102;[5310080] ALOK;53;5310;5310080;48;22;0;9;79;79
BAB_5_tabel_5_39_komoditas;[53] NUSA TENGGARA TIMUR;[5310] SIKKA;3102;[5310081] ALOK BARAT;53;5310;5310081;111;42;19;26;198;198
BAB_5_tabel_5_39_komoditas;[53] NUSA TENGGARA TIMUR;[5310] SIKKA;3102;[5310082] ALOK TIMUR;53;5310;5310082;37;181;1;11;230;230
BAB_5_tabel_5_39_komoditas;[53] NUSA TENGGARA TIMUR;[5310] SIKKA;3102;[5310] SIKKA;53;5310;5310999;785;2894;220;268;4167;4168
BAB_5_tabel_5_39_komoditas;[53] NUSA TENGGARA TIMUR;[5310] SIKKA;3103;[5310010] PAGA;53;5310;5310010;8;13;0;0;21;21
BAB_5_tabel_5_39_komoditas;[53] NUSA TENGGARA TIMUR;[5310] SIKKA;3103;[5310011] MEGO;53;5310;5310011;3;135;0;0;138;138
BAB_5_tabel_5_39_komoditas;[53] NUSA TENGGARA TIMUR;[5310] SIKKA;3103;[5310012] TANA WAWO;53;5310;5310012;6;175;0;0;181;181
BAB_5_tabel_5_39_komoditas;[53] NUSA TENGGARA TIMUR;[5310] SIKKA;3103;[5310020] LELA;53;5310;5310020;0;8;0;0;8;8
BAB_5_tabel_5_39_komoditas;[53] NUSA TENGGARA TIMUR;[5310] SIKKA;3103;[5310030] BOLA;53;5310;5310030;7;855;2;1;865;865
BAB_5_tabel_5_39_komoditas;[53] NUSA TENGGARA TIMUR;[5310] SIKKA;3103;[5310031] DORENG;53;5310;5310031;6;1649;0;0;1655;1655
BAB_5_tabel_5_39_komoditas;[53] NUSA TENGGARA TIMUR;[5310] SIKKA;3103;[5310032] MAPITARA;53;5310;5310032;2;236;0;1;239;239
BAB_5_tabel_5_39_komoditas;[53] NUSA TENGGARA TIMUR;[5310] SIKKA;3103;[5310040] TALIBURA;53;5310;5310040;0;9;1;7;17;17
BAB_5_tabel_5_39_komoditas;[53] NUSA TENGGARA TIMUR;[5310] SIKKA;3103;[5310041] WAIGETE;53;5310;5310041;6;470;3;56;535;535
BAB_5_tabel_5_39_komoditas;[53] NUSA TENGGARA TIMUR;[5310] SIKKA;3103;[5310042] WAIBLAMA;53;5310;5310042;2;16;3;3;24;24
BAB_5_tabel_5_39_komoditas;[53] NUSA TENGGARA TIMUR;[5310] SIKKA;3103;[5310050] KEWAPANTE;53;5310;5310050;28;82;0;0;110;110
BAB_5_tabel_5_39_komoditas;[53] NUSA TENGGARA TIMUR;[5310] SIKKA;3103;[5310051] HEWOKLOANG;53;5310;5310051;8;1151;3;1;1163;1164
BAB_5_tabel_5_39_komoditas;[53] NUSA TENGGARA TIMUR;[5310] SIKKA;3103;[5310052] KANGAE;53;5310;5310052;10;93;1;0;104;104
BAB_5_tabel_5_39_komoditas;[53] NUSA TENGGARA TIMUR;[5310] SIKKA;3103;[5310061] PALUE;53;5310;5310061;0;6;0;0;6;6
BAB_5_tabel_5_39_komoditas;[53] NUSA TENGGARA TIMUR;[5310] SIKKA;3103;[5310062] KOTING;53;5310;5310062;0;6;0;0;6;6
BAB_5_tabel_5_39_komoditas;[53] NUSA TENGGARA TIMUR;[5310] SIKKA;3103;[5310063] NELLE;53;5310;5310063;0;1;0;0;1;1
BAB_5_tabel_5_39_komoditas;[53] NUSA TENGGARA TIMUR;[5310] SIKKA;3103;[5310070] NITA;53;5310;5310070;5;237;1;1;244;244
BAB_5_tabel_5_39_komoditas;[53] NUSA TENGGARA TIMUR;[5310] SIKKA;3103;[5310071] MAGEPANDA;53;5310;5310071;0;0;0;0;0;0
BAB_5_tabel_5_39_komoditas;[53] NUSA TENGGARA TIMUR;[5310] SIKKA;3103;[5310080] ALOK;53;5310;5310080;3;8;2;0;13;13
BAB_5_tabel_5_39_komoditas;[53] NUSA TENGGARA TIMUR;[5310] SIKKA;3103;[5310081] ALOK BARAT;53;5310;5310081;3;4;2;0;9;9
BAB_5_tabel_5_39_komoditas;[53] NUSA TENGGARA TIMUR;[5310] SIKKA;3103;[5310082] ALOK TIMUR;53;5310;5310082;8;72;4;0;84;84
BAB_5_tabel_5_39_komoditas;[53] NUSA TENGGARA TIMUR;[5310] SIKKA;3103;[5310] SIKKA;53;5310;5310999;105;5226;22;70;5423;5424
BAB_5_tabel_5_39_komoditas;[53] NUSA TENGGARA TIMUR;[5310] SIKKA;3104;[5310010] PAGA;53;5310;5310010;0;0;0;0;0;0
BAB_5_tabel_5_39_komoditas;[53] NUSA TENGGARA TIMUR;[5310] SIKKA;3104;[5310011] MEGO;53;5310;5310011;0;0;0;0;0;0
BAB_5_tabel_5_39_komoditas;[53] NUSA TENGGARA TIMUR;[5310] SIKKA;3104;[5310012] TANA WAWO;53;5310;5310012;0;0;0;0;0;0
BAB_5_tabel_5_39_komoditas;[53] NUSA TENGGARA TIMUR;[5310] SIKKA;3104;[5310020] LELA;53;5310;5310020;0;0;0;0;0;0
BAB_5_tabel_5_39_komoditas;[53] NUSA TENGGARA TIMUR;[5310] SIKKA;3104;[5310030] BOLA;53;5310;5310030;0;0;0;0;0;0
BAB_5_tabel_5_39_komoditas;[53] NUSA TENGGARA TIMUR;[5310] SIKKA;3104;[5310031] DORENG;53;5310;5310031;0;0;0;0;0;0
BAB_5_tabel_5_39_komoditas;[53] NUSA TENGGARA TIMUR;[5310] SIKKA;3104;[5310032] MAPITARA;53;5310;5310032;0;0;0;0;0;0
BAB_5_tabel_5_39_komoditas;[53] NUSA TENGGARA TIMUR;[5310] SIKKA;3104;[5310040] TALIBURA;53;5310;5310040;0;0;0;0;0;0
BAB_5_tabel_5_39_komoditas;[53] NUSA TENGGARA TIMUR;[5310] SIKKA;3104;[5310041] WAIGETE;53;5310;5310041;0;0;0;0;0;0
BAB_5_tabel_5_39_komoditas;[53] NUSA TENGGARA TIMUR;[5310] SIKKA;3104;[5310042] WAIBLAMA;53;5310;5310042;0;0;0;0;0;0
BAB_5_tabel_5_39_komoditas;[53] NUSA TENGGARA TIMUR;[5310] SIKKA;3104;[5310050] KEWAPANTE;53;5310;5310050;0;0;0;0;0;0
BAB_5_tabel_5_39_komoditas;[53] NUSA TENGGARA TIMUR;[5310] SIKKA;3104;[5310051] HEWOKLOANG;53;5310;5310051;0;0;0;0;0;0
BAB_5_tabel_5_39_komoditas;[53] NUSA TENGGARA TIMUR;[5310] SIKKA;3104;[5310052] KANGAE;53;5310;5310052;0;0;0;0;0;0
BAB_5_tabel_5_39_komoditas;[53] NUSA TENGGARA TIMUR;[5310] SIKKA;3104;[5310061] PALUE;53;5310;5310061;0;0;0;0;0;0
BAB_5_tabel_5_39_komoditas;[53] NUSA TENGGARA TIMUR;[5310] SIKKA;3104;[5310062] KOTING;53;5310;5310062;0;0;0;0;0;0
BAB_5_tabel_5_39_komoditas;[53] NUSA TENGGARA TIMUR;[5310] SIKKA;3104;[5310063] NELLE;53;5310;5310063;0;0;0;0;0;0
BAB_5_tabel_5_39_komoditas;[53] NUSA TENGGARA TIMUR;[5310] SIKKA;3104;[5310070] NITA;53;5310;5310070;0;0;0;0;0;0
BAB_5_tabel_5_39_komoditas;[53] NUSA TENGGARA TIMUR;[5310] SIKKA;3104;[5310071] MAGEPANDA;53;5310;5310071;0;0;0;0;0;0
BAB_5_tabel_5_39_komoditas;[53] NUSA TENGGARA TIMUR;[5310] SIKKA;3104;[5310080] ALOK;53;5310;5310080;0;0;0;0;0;0
BAB_5_tabel_5_39_komoditas;[53] NUSA TENGGARA TIMUR;[5310] SIKKA;3104;[5310081] ALOK BARAT;53;5310;5310081;0;0;0;0;0;0
BAB_5_tabel_5_39_komoditas;[53] NUSA TENGGARA TIMUR;[5310] SIKKA;3104;[5310082] ALOK TIMUR;53;5310;5310082;0;0;0;0;0;0
BAB_5_tabel_5_39_komoditas;[53] NUSA TENGGARA TIMUR;[5310] SIKKA;3104;[5310] SIKKA;53;5310;5310999;0;0;0;0;0;0
BAB_5_tabel_5_39_komoditas;[53] NUSA TENGGARA TIMUR;[5310] SIKKA;3105;[5310010] PAGA;53;5310;5310010;66;379;13;6;464;464
BAB_5_tabel_5_39_komoditas;[53] NUSA TENGGARA TIMUR;[5310] SIKKA;3105;[5310011] MEGO;53;5310;5310011;4;127;1;0;132;132
BAB_5_tabel_5_39_komoditas;[53] NUSA TENGGARA TIMUR;[5310] SIKKA;3105;[5310012] TANA WAWO;53;5310;5310012;0;5;0;0;5;5
BAB_5_tabel_5_39_komoditas;[53] NUSA TENGGARA TIMUR;[5310] SIKKA;3105;[5310020] LELA;53;5310;5310020;17;707;0;7;731;731
BAB_5_tabel_5_39_komoditas;[53] NUSA TENGGARA TIMUR;[5310] SIKKA;3105;[5310030] BOLA;53;5310;5310030;15;751;0;19;785;785
BAB_5_tabel_5_39_komoditas;[53] NUSA TENGGARA TIMUR;[5310] SIKKA;3105;[5310031] DORENG;53;5310;5310031;9;439;0;0;448;448
BAB_5_tabel_5_39_komoditas;[53] NUSA TENGGARA TIMUR;[5310] SIKKA;3105;[5310032] MAPITARA;53;5310;5310032;73;397;0;6;476;476
BAB_5_tabel_5_39_komoditas;[53] NUSA TENGGARA TIMUR;[5310] SIKKA;3105;[5310040] TALIBURA;53;5310;5310040;583;1636;112;688;3019;3019
BAB_5_tabel_5_39_komoditas;[53] NUSA TENGGARA TIMUR;[5310] SIKKA;3105;[5310041] WAIGETE;53;5310;5310041;499;1781;311;364;2955;2956
BAB_5_tabel_5_39_komoditas;[53] NUSA TENGGARA TIMUR;[5310] SIKKA;3105;[5310042] WAIBLAMA;53;5310;5310042;193;402;74;470;1139;1140
BAB_5_tabel_5_39_komoditas;[53] NUSA TENGGARA TIMUR;[5310] SIKKA;3105;[5310050] KEWAPANTE;53;5310;5310050;115;740;12;21;888;888
BAB_5_tabel_5_39_komoditas;[53] NUSA TENGGARA TIMUR;[5310] SIKKA;3105;[5310051] HEWOKLOANG;53;5310;5310051;32;477;4;0;513;513
BAB_5_tabel_5_39_komoditas;[53] NUSA TENGGARA TIMUR;[5310] SIKKA;3105;[5310052] KANGAE;53;5310;5310052;69;840;37;6;952;952
BAB_5_tabel_5_39_komoditas;[53] NUSA TENGGARA TIMUR;[5310] SIKKA;3105;[5310061] PALUE;53;5310;5310061;66;1287;0;0;1353;1353
BAB_5_tabel_5_39_komoditas;[53] NUSA TENGGARA TIMUR;[5310] SIKKA;3105;[5310062] KOTING;53;5310;5310062;13;423;0;1;437;437
BAB_5_tabel_5_39_komoditas;[53] NUSA TENGGARA TIMUR;[5310] SIKKA;3105;[5310063] NELLE;53;5310;5310063;10;401;0;2;413;413
BAB_5_tabel_5_39_komoditas;[53] NUSA TENGGARA TIMUR;[5310] SIKKA;3105;[5310070] NITA;53;5310;5310070;30;943;0;2;975;975
BAB_5_tabel_5_39_komoditas;[53] NUSA TENGGARA TIMUR;[5310] SIKKA;3105;[5310071] MAGEPANDA;53;5310;5310071;786;272;70;52;1180;1180
BAB_5_tabel_5_39_komoditas;[53] NUSA TENGGARA TIMUR;[5310] SIKKA;3105;[5310080] ALOK;53;5310;5310080;131;112;8;607;858;858
BAB_5_tabel_5_39_komoditas;[53] NUSA TENGGARA TIMUR;[5310] SIKKA;3105;[5310081] ALOK BARAT;53;5310;5310081;249;97;38;74;458;458
BAB_5_tabel_5_39_komoditas;[53] NUSA TENGGARA TIMUR;[5310] SIKKA;3105;[5310082] ALOK TIMUR;53;5310;5310082;90;726;8;28;852;852
BAB_5_tabel_5_39_komoditas;[53] NUSA TENGGARA TIMUR;[5310] SIKKA;3105;[5310] SIKKA;53;5310;5310999;3050;12942;688;2353;19033;19035
BAB_5_tabel_5_39_komoditas;[53] NUSA TENGGARA TIMUR;[5310] SIKKA;3106;[5310010] PAGA;53;5310;5310010;0;0;0;0;0;0
BAB_5_tabel_5_39_komoditas;[53] NUSA TENGGARA TIMUR;[5310] SIKKA;3106;[5310011] MEGO;53;5310;5310011;0;0;0;0;0;0
BAB_5_tabel_5_39_komoditas;[53] NUSA TENGGARA TIMUR;[5310] SIKKA;3106;[5310012] TANA WAWO;53;5310;5310012;0;0;0;0;0;0
BAB_5_tabel_5_39_komoditas;[53] NUSA TENGGARA TIMUR;[5310] SIKKA;3106;[5310020] LELA;53;5310;5310020;0;0;0;0;0;0
BAB_5_tabel_5_39_komoditas;[53] NUSA TENGGARA TIMUR;[5310] SIKKA;3106;[5310030] BOLA;53;5310;5310030;0;0;0;0;0;0
BAB_5_tabel_5_39_komoditas;[53] NUSA TENGGARA TIMUR;[5310] SIKKA;3106;[5310031] DORENG;53;5310;5310031;0;0;0;0;0;0
BAB_5_tabel_5_39_komoditas;[53] NUSA TENGGARA TIMUR;[5310] SIKKA;3106;[5310032] MAPITARA;53;5310;5310032;0;0;0;0;0;0
BAB_5_tabel_5_39_komoditas;[53] NUSA TENGGARA TIMUR;[5310] SIKKA;3106;[5310040] TALIBURA;53;5310;5310040;0;0;0;0;0;0
BAB_5_tabel_5_39_komoditas;[53] NUSA TENGGARA TIMUR;[5310] SIKKA;3106;[5310041] WAIGETE;53;5310;5310041;0;0;0;0;0;0
BAB_5_tabel_5_39_komoditas;[53] NUSA TENGGARA TIMUR;[5310] SIKKA;3106;[5310042] WAIBLAMA;53;5310;5310042;0;0;0;0;0;0
BAB_5_tabel_5_39_komoditas;[53] NUSA TENGGARA TIMUR;[5310] SIKKA;3106;[5310050] KEWAPANTE;53;5310;5310050;0;0;0;0;0;0
BAB_5_tabel_5_39_komoditas;[53] NUSA TENGGARA TIMUR;[5310] SIKKA;3106;[5310051] HEWOKLOANG;53;5310;5310051;0;0;0;0;0;0
BAB_5_tabel_5_39_komoditas;[53] NUSA TENGGARA TIMUR;[5310] SIKKA;3106;[5310052] KANGAE;53;5310;5310052;0;0;0;0;0;0
BAB_5_tabel_5_39_komoditas;[53] NUSA TENGGARA TIMUR;[5310] SIKKA;3106;[5310061] PALUE;53;5310;5310061;0;0;0;0;0;0
BAB_5_tabel_5_39_komoditas;[53] NUSA TENGGARA TIMUR;[5310] SIKKA;3106;[5310062] KOTING;53;5310;5310062;0;0;0;0;0;0
BAB_5_tabel_5_39_komoditas;[53] NUSA TENGGARA TIMUR;[5310] SIKKA;3106;[5310063] NELLE;53;5310;5310063;0;0;0;0;0;0
BAB_5_tabel_5_39_komoditas;[53] NUSA TENGGARA TIMUR;[5310] SIKKA;3106;[5310070] NITA;53;5310;5310070;0;0;0;0;0;0
BAB_5_tabel_5_39_komoditas;[53] NUSA TENGGARA TIMUR;[5310] SIKKA;3106;[5310071] MAGEPANDA;53;5310;5310071;0;0;0;0;0;0
BAB_5_tabel_5_39_komoditas;[53] NUSA TENGGARA TIMUR;[5310] SIKKA;3106;[5310080] ALOK;53;5310;5310080;0;0;0;0;0;0
BAB_5_tabel_5_39_komoditas;[53] NUSA TENGGARA TIMUR;[5310] SIKKA;3106;[5310081] ALOK BARAT;53;5310;5310081;0;0;0;0;0;0
BAB_5_tabel_5_39_komoditas;[53] NUSA TENGGARA TIMUR;[5310] SIKKA;3106;[5310082] ALOK TIMUR;53;5310;5310082;0;0;0;0;0;0
BAB_5_tabel_5_39_komoditas;[53] NUSA TENGGARA TIMUR;[5310] SIKKA;3106;[5310] SIKKA;53;5310;5310999;0;0;0;0;0;0
BAB_5_tabel_5_39_komoditas;[53] NUSA TENGGARA TIMUR;[5310] SIKKA;3107;[5310010] PAGA;53;5310;5310010;265;1309;19;11;1604;1605
BAB_5_tabel_5_39_komoditas;[53] NUSA TENGGARA TIMUR;[5310] SIKKA;3107;[5310011] MEGO;53;5310;5310011;40;1489;0;1;1530;1530
BAB_5_tabel_5_39_komoditas;[53] NUSA TENGGARA TIMUR;[5310] SIKKA;3107;[5310012] TANA WAWO;53;5310;5310012;70;1166;0;2;1238;1238
BAB_5_tabel_5_39_komoditas;[53] NUSA TENGGARA TIMUR;[5310] SIKKA;3107;[5310020] LELA;53;5310;5310020;23;697;0;3;723;723
BAB_5_tabel_5_39_komoditas;[53] NUSA TENGGARA TIMUR;[5310] SIKKA;3107;[5310030] BOLA;53;5310;5310030;17;1619;1;6;1643;1643
BAB_5_tabel_5_39_komoditas;[53] NUSA TENGGARA TIMUR;[5310] SIKKA;3107;[5310031] DORENG;53;5310;5310031;7;1486;0;0;1493;1493
BAB_5_tabel_5_39_komoditas;[53] NUSA TENGGARA TIMUR;[5310] SIKKA;3107;[5310032] MAPITARA;53;5310;5310032;29;610;0;11;650;650
BAB_5_tabel_5_39_komoditas;[53] NUSA TENGGARA TIMUR;[5310] SIKKA;3107;[5310040] TALIBURA;53;5310;5310040;23;243;19;35;320;320
BAB_5_tabel_5_39_komoditas;[53] NUSA TENGGARA TIMUR;[5310] SIKKA;3107;[5310041] WAIGETE;53;5310;5310041;8;512;26;33;579;579
BAB_5_tabel_5_39_komoditas;[53] NUSA TENGGARA TIMUR;[5310] SIKKA;3107;[5310042] WAIBLAMA;53;5310;5310042;10;119;203;44;376;376
BAB_5_tabel_5_39_komoditas;[53] NUSA TENGGARA TIMUR;[5310] SIKKA;3107;[5310050] KEWAPANTE;53;5310;5310050;59;162;0;0;221;221
BAB_5_tabel_5_39_komoditas;[53] NUSA TENGGARA TIMUR;[5310] SIKKA;3107;[5310051] HEWOKLOANG;53;5310;5310051;5;887;0;2;894;894
BAB_5_tabel_5_39_komoditas;[53] NUSA TENGGARA TIMUR;[5310] SIKKA;3107;[5310052] KANGAE;53;5310;5310052;4;338;6;0;348;348
BAB_5_tabel_5_39_komoditas;[53] NUSA TENGGARA TIMUR;[5310] SIKKA;3107;[5310061] PALUE;53;5310;5310061;4;317;0;0;321;321
BAB_5_tabel_5_39_komoditas;[53] NUSA TENGGARA TIMUR;[5310] SIKKA;3107;[5310062] KOTING;53;5310;5310062;31;594;1;0;626;626
BAB_5_tabel_5_39_komoditas;[53] NUSA TENGGARA TIMUR;[5310] SIKKA;3107;[5310063] NELLE;53;5310;5310063;1;119;1;0;121;121
BAB_5_tabel_5_39_komoditas;[53] NUSA TENGGARA TIMUR;[5310] SIKKA;3107;[5310070] NITA;53;5310;5310070;40;2160;7;11;2218;2218
BAB_5_tabel_5_39_komoditas;[53] NUSA TENGGARA TIMUR;[5310] SIKKA;3107;[5310071] MAGEPANDA;53;5310;5310071;24;41;3;8;76;76
BAB_5_tabel_5_39_komoditas;[53] NUSA TENGGARA TIMUR;[5310] SIKKA;3107;[5310080] ALOK;53;5310;5310080;7;27;4;3;41;42
BAB_5_tabel_5_39_komoditas;[53] NUSA TENGGARA TIMUR;[5310] SIKKA;3107;[5310081] ALOK BARAT;53;5310;5310081;14;17;5;2;38;38
BAB_5_tabel_5_39_komoditas;[53] NUSA TENGGARA TIMUR;[5310] SIKKA;3107;[5310082] ALOK TIMUR;53;5310;5310082;10;65;2;0;77;77
BAB_5_tabel_5_39_komoditas;[53] NUSA TENGGARA TIMUR;[5310] SIKKA;3107;[5310] SIKKA;53;5310;5310999;691;13977;297;172;15137;15139
BAB_5_tabel_5_39_komoditas;[53] NUSA TENGGARA TIMUR;[5310] SIKKA;3108;[5310010] PAGA;53;5310;5310010;0;0;0;0;0;0
BAB_5_tabel_5_39_komoditas;[53] NUSA TENGGARA TIMUR;[5310] SIKKA;3108;[5310011] MEGO;53;5310;5310011;0;0;0;0;0;0
BAB_5_tabel_5_39_komoditas;[53] NUSA TENGGARA TIMUR;[5310] SIKKA;3108;[5310012] TANA WAWO;53;5310;5310012;0;0;0;0;0;0
BAB_5_tabel_5_39_komoditas;[53] NUSA TENGGARA TIMUR;[5310] SIKKA;3108;[5310020] LELA;53;5310;5310020;0;1;0;0;1;1
BAB_5_tabel_5_39_komoditas;[53] NUSA TENGGARA TIMUR;[5310] SIKKA;3108;[5310030] BOLA;53;5310;5310030;0;0;0;0;0;0
BAB_5_tabel_5_39_komoditas;[53] NUSA TENGGARA TIMUR;[5310] SIKKA;3108;[5310031] DORENG;53;5310;5310031;0;0;0;0;0;0
BAB_5_tabel_5_39_komoditas;[53] NUSA TENGGARA TIMUR;[5310] SIKKA;3108;[5310032] MAPITARA;53;5310;5310032;0;0;0;0;0;0
BAB_5_tabel_5_39_komoditas;[53] NUSA TENGGARA TIMUR;[5310] SIKKA;3108;[5310040] TALIBURA;53;5310;5310040;0;0;0;0;0;0
BAB_5_tabel_5_39_komoditas;[53] NUSA TENGGARA TIMUR;[5310] SIKKA;3108;[5310041] WAIGETE;53;5310;5310041;0;0;0;0;0;0
BAB_5_tabel_5_39_komoditas;[53] NUSA TENGGARA TIMUR;[5310] SIKKA;3108;[5310042] WAIBLAMA;53;5310;5310042;0;0;0;0;0;0
BAB_5_tabel_5_39_komoditas;[53] NUSA TENGGARA TIMUR;[5310] SIKKA;3108;[5310050] KEWAPANTE;53;5310;5310050;0;1;0;0;1;1
BAB_5_tabel_5_39_komoditas;[53] NUSA TENGGARA TIMUR;[5310] SIKKA;3108;[5310051] HEWOKLOANG;53;5310;5310051;0;0;0;0;0;0
BAB_5_tabel_5_39_komoditas;[53] NUSA TENGGARA TIMUR;[5310] SIKKA;3108;[5310052] KANGAE;53;5310;5310052;1;0;0;0;1;1
BAB_5_tabel_5_39_komoditas;[53] NUSA TENGGARA TIMUR;[5310] SIKKA;3108;[5310061] PALUE;53;5310;5310061;0;0;0;0;0;0
BAB_5_tabel_5_39_komoditas;[53] NUSA TENGGARA TIMUR;[5310] SIKKA;3108;[5310062] KOTING;53;5310;5310062;0;0;0;0;0;0
BAB_5_tabel_5_39_komoditas;[53] NUSA TENGGARA TIMUR;[5310] SIKKA;3108;[5310063] NELLE;53;5310;5310063;0;0;0;0;0;0
BAB_5_tabel_5_39_komoditas;[53] NUSA TENGGARA TIMUR;[5310] SIKKA;3108;[5310070] NITA;53;5310;5310070;0;0;0;0;0;0
BAB_5_tabel_5_39_komoditas;[53] NUSA TENGGARA TIMUR;[5310] SIKKA;3108;[5310071] MAGEPANDA;53;5310;5310071;0;0;0;0;0;0
BAB_5_tabel_5_39_komoditas;[53] NUSA TENGGARA TIMUR;[5310] SIKKA;3108;[5310080] ALOK;53;5310;5310080;0;0;0;0;0;0
BAB_5_tabel_5_39_komoditas;[53] NUSA TENGGARA TIMUR;[5310] SIKKA;3108;[5310081] ALOK BARAT;53;5310;5310081;0;0;0;0;0;0
BAB_5_tabel_5_39_komoditas;[53] NUSA TENGGARA TIMUR;[5310] SIKKA;3108;[5310082] ALOK TIMUR;53;5310;5310082;0;0;0;0;0;0
BAB_5_tabel_5_39_komoditas;[53] NUSA TENGGARA TIMUR;[5310] SIKKA;3108;[5310] SIKKA;53;5310;5310999;1;2;0;0;3;3
BAB_5_tabel_5_39_komoditas;[53] NUSA TENGGARA TIMUR;[5310] SIKKA;3109;[5310010] PAGA;53;5310;5310010;0;0;0;0;0;0
BAB_5_tabel_5_39_komoditas;[53] NUSA TENGGARA TIMUR;[5310] SIKKA;3109;[5310011] MEGO;53;5310;5310011;0;0;0;0;0;0
BAB_5_tabel_5_39_komoditas;[53] NUSA TENGGARA TIMUR;[5310] SIKKA;3109;[5310012] TANA WAWO;53;5310;5310012;0;0;0;0;0;0
BAB_5_tabel_5_39_komoditas;[53] NUSA TENGGARA TIMUR;[5310] SIKKA;3109;[5310020] LELA;53;5310;5310020;0;0;0;0;0;0
BAB_5_tabel_5_39_komoditas;[53] NUSA TENGGARA TIMUR;[5310] SIKKA;3109;[5310030] BOLA;53;5310;5310030;0;0;0;0;0;0
BAB_5_tabel_5_39_komoditas;[53] NUSA TENGGARA TIMUR;[5310] SIKKA;3109;[5310031] DORENG;53;5310;5310031;0;0;0;0;0;0
BAB_5_tabel_5_39_komoditas;[53] NUSA TENGGARA TIMUR;[5310] SIKKA;3109;[5310032] MAPITARA;53;5310;5310032;0;0;0;0;0;0
BAB_5_tabel_5_39_komoditas;[53] NUSA TENGGARA TIMUR;[5310] SIKKA;3109;[5310040] TALIBURA;53;5310;5310040;0;0;0;0;0;0
BAB_5_tabel_5_39_komoditas;[53] NUSA TENGGARA TIMUR;[5310] SIKKA;3109;[5310041] WAIGETE;53;5310;5310041;0;0;0;0;0;0
BAB_5_tabel_5_39_komoditas;[53] NUSA TENGGARA TIMUR;[5310] SIKKA;3109;[5310042] WAIBLAMA;53;5310;5310042;0;0;0;0;0;0
BAB_5_tabel_5_39_komoditas;[53] NUSA TENGGARA TIMUR;[5310] SIKKA;3109;[5310050] KEWAPANTE;53;5310;5310050;0;0;0;0;0;0
BAB_5_tabel_5_39_komoditas;[53] NUSA TENGGARA TIMUR;[5310] SIKKA;3109;[5310051] HEWOKLOANG;53;5310;5310051;0;0;0;0;0;0
BAB_5_tabel_5_39_komoditas;[53] NUSA TENGGARA TIMUR;[5310] SIKKA;3109;[5310052] KANGAE;53;5310;5310052;0;0;0;0;0;0
BAB_5_tabel_5_39_komoditas;[53] NUSA TENGGARA TIMUR;[5310] SIKKA;3109;[5310061] PALUE;53;5310;5310061;0;0;0;0;0;0
BAB_5_tabel_5_39_komoditas;[53] NUSA TENGGARA TIMUR;[5310] SIKKA;3109;[5310062] KOTING;53;5310;5310062;0;0;0;0;0;0
BAB_5_tabel_5_39_komoditas;[53] NUSA TENGGARA TIMUR;[5310] SIKKA;3109;[5310063] NELLE;53;5310;5310063;0;0;0;0;0;0
BAB_5_tabel_5_39_komoditas;[53] NUSA TENGGARA TIMUR;[5310] SIKKA;3109;[5310070] NITA;53;5310;5310070;0;0;0;0;0;0
BAB_5_tabel_5_39_komoditas;[53] NUSA TENGGARA TIMUR;[5310] SIKKA;3109;[5310071] MAGEPANDA;53;5310;5310071;0;0;0;0;0;0
BAB_5_tabel_5_39_komoditas;[53] NUSA TENGGARA TIMUR;[5310] SIKKA;3109;[5310080] ALOK;53;5310;5310080;0;0;0;0;0;0
BAB_5_tabel_5_39_komoditas;[53] NUSA TENGGARA TIMUR;[5310] SIKKA;3109;[5310081] ALOK BARAT;53;5310;5310081;0;0;0;0;0;0
BAB_5_tabel_5_39_komoditas;[53] NUSA TENGGARA TIMUR;[5310] SIKKA;3109;[5310082] ALOK TIMUR;53;5310;5310082;0;0;0;0;0;0
BAB_5_tabel_5_39_komoditas;[53] NUSA TENGGARA TIMUR;[5310] SIKKA;3109;[5310] SIKKA;53;5310;5310999;0;0;0;0;0;0
BAB_5_tabel_5_39_komoditas;[53] NUSA TENGGARA TIMUR;[5310] SIKKA;3110;[5310010] PAGA;53;5310;5310010;0;0;0;0;0;0
BAB_5_tabel_5_39_komoditas;[53] NUSA TENGGARA TIMUR;[5310] SIKKA;3110;[5310011] MEGO;53;5310;5310011;0;1;0;0;1;1
BAB_5_tabel_5_39_komoditas;[53] NUSA TENGGARA TIMUR;[5310] SIKKA;3110;[5310012] TANA WAWO;53;5310;5310012;0;1;1;0;2;2
BAB_5_tabel_5_39_komoditas;[53] NUSA TENGGARA TIMUR;[5310] SIKKA;3110;[5310020] LELA;53;5310;5310020;0;0;0;0;0;0
BAB_5_tabel_5_39_komoditas;[53] NUSA TENGGARA TIMUR;[5310] SIKKA;3110;[5310030] BOLA;53;5310;5310030;0;0;0;0;0;0
BAB_5_tabel_5_39_komoditas;[53] NUSA TENGGARA TIMUR;[5310] SIKKA;3110;[5310031] DORENG;53;5310;5310031;0;1;0;0;1;1
BAB_5_tabel_5_39_komoditas;[53] NUSA TENGGARA TIMUR;[5310] SIKKA;3110;[5310032] MAPITARA;53;5310;5310032;0;0;0;0;0;0
BAB_5_tabel_5_39_komoditas;[53] NUSA TENGGARA TIMUR;[5310] SIKKA;3110;[5310040] TALIBURA;53;5310;5310040;0;0;0;0;0;0
BAB_5_tabel_5_39_komoditas;[53] NUSA TENGGARA TIMUR;[5310] SIKKA;3110;[5310041] WAIGETE;53;5310;5310041;0;0;0;0;0;0
BAB_5_tabel_5_39_komoditas;[53] NUSA TENGGARA TIMUR;[5310] SIKKA;3110;[5310042] WAIBLAMA;53;5310;5310042;0;1;0;0;1;1
BAB_5_tabel_5_39_komoditas;[53] NUSA TENGGARA TIMUR;[5310] SIKKA;3110;[5310050] KEWAPANTE;53;5310;5310050;0;1;0;0;1;1
BAB_5_tabel_5_39_komoditas;[53] NUSA TENGGARA TIMUR;[5310] SIKKA;3110;[5310051] HEWOKLOANG;53;5310;5310051;0;1;0;0;1;1
BAB_5_tabel_5_39_komoditas;[53] NUSA TENGGARA TIMUR;[5310] SIKKA;3110;[5310052] KANGAE;53;5310;5310052;0;0;0;0;0;0
BAB_5_tabel_5_39_komoditas;[53] NUSA TENGGARA TIMUR;[5310] SIKKA;3110;[5310061] PALUE;53;5310;5310061;0;0;0;0;0;0
BAB_5_tabel_5_39_komoditas;[53] NUSA TENGGARA TIMUR;[5310] SIKKA;3110;[5310062] KOTING;53;5310;5310062;0;0;0;0;0;0
BAB_5_tabel_5_39_komoditas;[53] NUSA TENGGARA TIMUR;[5310] SIKKA;3110;[5310063] NELLE;53;5310;5310063;0;0;0;0;0;0
BAB_5_tabel_5_39_komoditas;[53] NUSA TENGGARA TIMUR;[5310] SIKKA;3110;[5310070] NITA;53;5310;5310070;0;3;0;0;3;3
BAB_5_tabel_5_39_komoditas;[53] NUSA TENGGARA TIMUR;[5310] SIKKA;3110;[5310071] MAGEPANDA;53;5310;5310071;0;0;0;0;0;0
BAB_5_tabel_5_39_komoditas;[53] NUSA TENGGARA TIMUR;[5310] SIKKA;3110;[5310080] ALOK;53;5310;5310080;1;0;0;1;2;2
BAB_5_tabel_5_39_komoditas;[53] NUSA TENGGARA TIMUR;[5310] SIKKA;3110;[5310081] ALOK BARAT;53;5310;5310081;0;0;0;0;0;0
BAB_5_tabel_5_39_komoditas;[53] NUSA TENGGARA TIMUR;[5310] SIKKA;3110;[5310082] ALOK TIMUR;53;5310;5310082;0;0;0;0;0;0
BAB_5_tabel_5_39_komoditas;[53] NUSA TENGGARA TIMUR;[5310] SIKKA;3110;[5310] SIKKA;53;5310;5310999;1;9;1;1;12;12
BAB_5_tabel_5_39_komoditas;[53] NUSA TENGGARA TIMUR;[5310] SIKKA;3111;[5310010] PAGA;53;5310;5310010;0;0;0;0;0;0
BAB_5_tabel_5_39_komoditas;[53] NUSA TENGGARA TIMUR;[5310] SIKKA;3111;[5310011] MEGO;53;5310;5310011;0;0;0;0;0;0
BAB_5_tabel_5_39_komoditas;[53] NUSA TENGGARA TIMUR;[5310] SIKKA;3111;[5310012] TANA WAWO;53;5310;5310012;0;0;0;0;0;0
BAB_5_tabel_5_39_komoditas;[53] NUSA TENGGARA TIMUR;[5310] SIKKA;3111;[5310020] LELA;53;5310;5310020;0;0;0;0;0;0
BAB_5_tabel_5_39_komoditas;[53] NUSA TENGGARA TIMUR;[5310] SIKKA;3111;[5310030] BOLA;53;5310;5310030;0;0;0;0;0;0
BAB_5_tabel_5_39_komoditas;[53] NUSA TENGGARA TIMUR;[5310] SIKKA;3111;[5310031] DORENG;53;5310;5310031;0;0;0;0;0;0
BAB_5_tabel_5_39_komoditas;[53] NUSA TENGGARA TIMUR;[5310] SIKKA;3111;[5310032] MAPITARA;53;5310;5310032;0;0;0;0;0;0
BAB_5_tabel_5_39_komoditas;[53] NUSA TENGGARA TIMUR;[5310] SIKKA;3111;[5310040] TALIBURA;53;5310;5310040;0;0;0;0;0;0
BAB_5_tabel_5_39_komoditas;[53] NUSA TENGGARA TIMUR;[5310] SIKKA;3111;[5310041] WAIGETE;53;5310;5310041;0;0;0;0;0;0
BAB_5_tabel_5_39_komoditas;[53] NUSA TENGGARA TIMUR;[5310] SIKKA;3111;[5310042] WAIBLAMA;53;5310;5310042;0;0;0;0;0;0
BAB_5_tabel_5_39_komoditas;[53] NUSA TENGGARA TIMUR;[5310] SIKKA;3111;[5310050] KEWAPANTE;53;5310;5310050;0;0;0;0;0;0
BAB_5_tabel_5_39_komoditas;[53] NUSA TENGGARA TIMUR;[5310] SIKKA;3111;[5310051] HEWOKLOANG;53;5310;5310051;0;0;0;0;0;0
BAB_5_tabel_5_39_komoditas;[53] NUSA TENGGARA TIMUR;[5310] SIKKA;3111;[5310052] KANGAE;53;5310;5310052;0;0;0;0;0;0
BAB_5_tabel_5_39_komoditas;[53] NUSA TENGGARA TIMUR;[5310] SIKKA;3111;[5310061] PALUE;53;5310;5310061;0;0;0;0;0;0
BAB_5_tabel_5_39_komoditas;[53] NUSA TENGGARA TIMUR;[5310] SIKKA;3111;[5310062] KOTING;53;5310;5310062;0;0;0;0;0;0
BAB_5_tabel_5_39_komoditas;[53] NUSA TENGGARA TIMUR;[5310] SIKKA;3111;[5310063] NELLE;53;5310;5310063;0;0;0;0;0;0
BAB_5_tabel_5_39_komoditas;[53] NUSA TENGGARA TIMUR;[5310] SIKKA;3111;[5310070] NITA;53;5310;5310070;0;0;0;0;0;0
BAB_5_tabel_5_39_komoditas;[53] NUSA TENGGARA TIMUR;[5310] SIKKA;3111;[5310071] MAGEPANDA;53;5310;5310071;0;0;0;0;0;0
BAB_5_tabel_5_39_komoditas;[53] NUSA TENGGARA TIMUR;[5310] SIKKA;3111;[5310080] ALOK;53;5310;5310080;0;0;0;0;0;0
BAB_5_tabel_5_39_komoditas;[53] NUSA TENGGARA TIMUR;[5310] SIKKA;3111;[5310081] ALOK BARAT;53;5310;5310081;0;0;0;0;0;0
BAB_5_tabel_5_39_komoditas;[53] NUSA TENGGARA TIMUR;[5310] SIKKA;3111;[5310082] ALOK TIMUR;53;5310;5310082;0;0;0;0;0;0
BAB_5_tabel_5_39_komoditas;[53] NUSA TENGGARA TIMUR;[5310] SIKKA;3111;[5310] SIKKA;53;5310;5310999;0;0;0;0;0;0
BAB_5_tabel_5_39_komoditas;[53] NUSA TENGGARA TIMUR;[5310] SIKKA;3112;[5310010] PAGA;53;5310;5310010;144;865;19;4;1032;1032
BAB_5_tabel_5_39_komoditas;[53] NUSA TENGGARA TIMUR;[5310] SIKKA;3112;[5310011] MEGO;53;5310;5310011;25;589;0;0;614;614
BAB_5_tabel_5_39_komoditas;[53] NUSA TENGGARA TIMUR;[5310] SIKKA;3112;[5310012] TANA WAWO;53;5310;5310012;1;10;0;0;11;11
BAB_5_tabel_5_39_komoditas;[53] NUSA TENGGARA TIMUR;[5310] SIKKA;3112;[5310020] LELA;53;5310;5310020;125;1416;0;32;1573;1573
BAB_5_tabel_5_39_komoditas;[53] NUSA TENGGARA TIMUR;[5310] SIKKA;3112;[5310030] BOLA;53;5310;5310030;53;1702;3;24;1782;1782
BAB_5_tabel_5_39_komoditas;[53] NUSA TENGGARA TIMUR;[5310] SIKKA;3112;[5310031] DORENG;53;5310;5310031;14;1556;0;0;1570;1570
BAB_5_tabel_5_39_komoditas;[53] NUSA TENGGARA TIMUR;[5310] SIKKA;3112;[5310032] MAPITARA;53;5310;5310032;68;679;0;11;758;758
BAB_5_tabel_5_39_komoditas;[53] NUSA TENGGARA TIMUR;[5310] SIKKA;3112;[5310040] TALIBURA;53;5310;5310040;219;1236;75;411;1941;1941
BAB_5_tabel_5_39_komoditas;[53] NUSA TENGGARA TIMUR;[5310] SIKKA;3112;[5310041] WAIGETE;53;5310;5310041;82;930;97;137;1246;1246
BAB_5_tabel_5_39_komoditas;[53] NUSA TENGGARA TIMUR;[5310] SIKKA;3112;[5310042] WAIBLAMA;53;5310;5310042;42;223;246;250;761;762
BAB_5_tabel_5_39_komoditas;[53] NUSA TENGGARA TIMUR;[5310] SIKKA;3112;[5310050] KEWAPANTE;53;5310;5310050;91;683;13;13;800;800
BAB_5_tabel_5_39_komoditas;[53] NUSA TENGGARA TIMUR;[5310] SIKKA;3112;[5310051] HEWOKLOANG;53;5310;5310051;30;1327;3;1;1361;1361
BAB_5_tabel_5_39_komoditas;[53] NUSA TENGGARA TIMUR;[5310] SIKKA;3112;[5310052] KANGAE;53;5310;5310052;40;922;41;4;1007;1007
BAB_5_tabel_5_39_komoditas;[53] NUSA TENGGARA TIMUR;[5310] SIKKA;3112;[5310061] PALUE;53;5310;5310061;13;863;0;0;876;876
BAB_5_tabel_5_39_komoditas;[53] NUSA TENGGARA TIMUR;[5310] SIKKA;3112;[5310062] KOTING;53;5310;5310062;69;984;1;3;1057;1057
BAB_5_tabel_5_39_komoditas;[53] NUSA TENGGARA TIMUR;[5310] SIKKA;3112;[5310063] NELLE;53;5310;5310063;15;566;2;3;586;586
BAB_5_tabel_5_39_komoditas;[53] NUSA TENGGARA TIMUR;[5310] SIKKA;3112;[5310070] NITA;53;5310;5310070;86;2064;2;11;2163;2163
BAB_5_tabel_5_39_komoditas;[53] NUSA TENGGARA TIMUR;[5310] SIKKA;3112;[5310071] MAGEPANDA;53;5310;5310071;150;142;37;33;362;362
BAB_5_tabel_5_39_komoditas;[53] NUSA TENGGARA TIMUR;[5310] SIKKA;3112;[5310080] ALOK;53;5310;5310080;32;86;9;39;166;168
BAB_5_tabel_5_39_komoditas;[53] NUSA TENGGARA TIMUR;[5310] SIKKA;3112;[5310081] ALOK BARAT;53;5310;5310081;33;32;1;4;70;70
BAB_5_tabel_5_39_komoditas;[53] NUSA TENGGARA TIMUR;[5310] SIKKA;3112;[5310082] ALOK TIMUR;53;5310;5310082;32;242;7;7;288;288
BAB_5_tabel_5_39_komoditas;[53] NUSA TENGGARA TIMUR;[5310] SIKKA;3112;[5310] SIKKA;53;5310;5310999;1364;17117;556;987;20024;20027
BAB_5_tabel_5_39_komoditas;[53] NUSA TENGGARA TIMUR;[5310] SIKKA;3113;[5310010] PAGA;53;5310;5310010;0;0;0;0;0;0
BAB_5_tabel_5_39_komoditas;[53] NUSA TENGGARA TIMUR;[5310] SIKKA;3113;[5310011] MEGO;53;5310;5310011;0;0;0;0;0;0
BAB_5_tabel_5_39_komoditas;[53] NUSA TENGGARA TIMUR;[5310] SIKKA;3113;[5310012] TANA WAWO;53;5310;5310012;0;0;0;0;0;0
BAB_5_tabel_5_39_komoditas;[53] NUSA TENGGARA TIMUR;[5310] SIKKA;3113;[5310020] LELA;53;5310;5310020;0;0;0;0;0;0
BAB_5_tabel_5_39_komoditas;[53] NUSA TENGGARA TIMUR;[5310] SIKKA;3113;[5310030] BOLA;53;5310;5310030;0;0;0;0;0;0
BAB_5_tabel_5_39_komoditas;[53] NUSA TENGGARA TIMUR;[5310] SIKKA;3113;[5310031] DORENG;53;5310;5310031;0;0;0;0;0;0
BAB_5_tabel_5_39_komoditas;[53] NUSA TENGGARA TIMUR;[5310] SIKKA;3113;[5310032] MAPITARA;53;5310;5310032;0;0;0;0;0;0
BAB_5_tabel_5_39_komoditas;[53] NUSA TENGGARA TIMUR;[5310] SIKKA;3113;[5310040] TALIBURA;53;5310;5310040;0;0;0;0;0;0
BAB_5_tabel_5_39_komoditas;[53] NUSA TENGGARA TIMUR;[5310] SIKKA;3113;[5310041] WAIGETE;53;5310;5310041;0;0;0;0;0;0
BAB_5_tabel_5_39_komoditas;[53] NUSA TENGGARA TIMUR;[5310] SIKKA;3113;[5310042] WAIBLAMA;53;5310;5310042;0;0;0;0;0;0
BAB_5_tabel_5_39_komoditas;[53] NUSA TENGGARA TIMUR;[5310] SIKKA;3113;[5310050] KEWAPANTE;53;5310;5310050;0;0;0;0;0;0
BAB_5_tabel_5_39_komoditas;[53] NUSA TENGGARA TIMUR;[5310] SIKKA;3113;[5310051] HEWOKLOANG;53;5310;5310051;0;0;0;0;0;0
BAB_5_tabel_5_39_komoditas;[53] NUSA TENGGARA TIMUR;[5310] SIKKA;3113;[5310052] KANGAE;53;5310;5310052;0;0;0;0;0;0
BAB_5_tabel_5_39_komoditas;[53] NUSA TENGGARA TIMUR;[5310] SIKKA;3113;[5310061] PALUE;53;5310;5310061;0;0;0;0;0;0
BAB_5_tabel_5_39_komoditas;[53] NUSA TENGGARA TIMUR;[5310] SIKKA;3113;[5310062] KOTING;53;5310;5310062;0;0;0;0;0;0
BAB_5_tabel_5_39_komoditas;[53] NUSA TENGGARA TIMUR;[5310] SIKKA;3113;[5310063] NELLE;53;5310;5310063;0;0;0;0;0;0
BAB_5_tabel_5_39_komoditas;[53] NUSA TENGGARA TIMUR;[5310] SIKKA;3113;[5310070] NITA;53;5310;5310070;0;0;0;0;0;0
BAB_5_tabel_5_39_komoditas;[53] NUSA TENGGARA TIMUR;[5310] SIKKA;3113;[5310071] MAGEPANDA;53;5310;5310071;0;0;0;0;0;0
BAB_5_tabel_5_39_komoditas;[53] NUSA TENGGARA TIMUR;[5310] SIKKA;3113;[5310080] ALOK;53;5310;5310080;0;0;0;0;0;0
BAB_5_tabel_5_39_komoditas;[53] NUSA TENGGARA TIMUR;[5310] SIKKA;3113;[5310081] ALOK BARAT;53;5310;5310081;0;0;0;0;0;0
BAB_5_tabel_5_39_komoditas;[53] NUSA TENGGARA TIMUR;[5310] SIKKA;3113;[5310082] ALOK TIMUR;53;5310;5310082;0;0;0;0;0;0
BAB_5_tabel_5_39_komoditas;[53] NUSA TENGGARA TIMUR;[5310] SIKKA;3113;[5310] SIKKA;53;5310;5310999;0;0;0;0;0;0
BAB_5_tabel_5_39_komoditas;[53] NUSA TENGGARA TIMUR;[5310] SIKKA;3114;[5310010] PAGA;53;5310;5310010;162;698;3;11;874;874
BAB_5_tabel_5_39_komoditas;[53] NUSA TENGGARA TIMUR;[5310] SIKKA;3114;[5310011] MEGO;53;5310;5310011;187;1451;3;4;1645;1645
BAB_5_tabel_5_39_komoditas;[53] NUSA TENGGARA TIMUR;[5310] SIKKA;3114;[5310012] TANA WAWO;53;5310;5310012;197;1182;0;0;1379;1379
BAB_5_tabel_5_39_komoditas;[53] NUSA TENGGARA TIMUR;[5310] SIKKA;3114;[5310020] LELA;53;5310;5310020;9;153;0;0;162;162
BAB_5_tabel_5_39_komoditas;[53] NUSA TENGGARA TIMUR;[5310] SIKKA;3114;[5310030] BOLA;53;5310;5310030;4;827;0;0;831;831
BAB_5_tabel_5_39_komoditas;[53] NUSA TENGGARA TIMUR;[5310] SIKKA;3114;[5310031] DORENG;53;5310;5310031;11;942;0;0;953;953
BAB_5_tabel_5_39_komoditas;[53] NUSA TENGGARA TIMUR;[5310] SIKKA;3114;[5310032] MAPITARA;53;5310;5310032;170;953;0;21;1144;1144
BAB_5_tabel_5_39_komoditas;[53] NUSA TENGGARA TIMUR;[5310] SIKKA;3114;[5310040] TALIBURA;53;5310;5310040;34;874;64;167;1139;1139
BAB_5_tabel_5_39_komoditas;[53] NUSA TENGGARA TIMUR;[5310] SIKKA;3114;[5310041] WAIGETE;53;5310;5310041;143;794;51;56;1044;1045
BAB_5_tabel_5_39_komoditas;[53] NUSA TENGGARA TIMUR;[5310] SIKKA;3114;[5310042] WAIBLAMA;53;5310;5310042;211;402;62;303;978;978
BAB_5_tabel_5_39_komoditas;[53] NUSA TENGGARA TIMUR;[5310] SIKKA;3114;[5310050] KEWAPANTE;53;5310;5310050;56;232;3;0;291;291
BAB_5_tabel_5_39_komoditas;[53] NUSA TENGGARA TIMUR;[5310] SIKKA;3114;[5310051] HEWOKLOANG;53;5310;5310051;9;786;1;0;796;796
BAB_5_tabel_5_39_komoditas;[53] NUSA TENGGARA TIMUR;[5310] SIKKA;3114;[5310052] KANGAE;53;5310;5310052;7;462;6;0;475;475
BAB_5_tabel_5_39_komoditas;[53] NUSA TENGGARA TIMUR;[5310] SIKKA;3114;[5310061] PALUE;53;5310;5310061;0;0;0;0;0;0
BAB_5_tabel_5_39_komoditas;[53] NUSA TENGGARA TIMUR;[5310] SIKKA;3114;[5310062] KOTING;53;5310;5310062;1;45;0;0;46;46
BAB_5_tabel_5_39_komoditas;[53] NUSA TENGGARA TIMUR;[5310] SIKKA;3114;[5310063] NELLE;53;5310;5310063;0;18;0;0;18;18
BAB_5_tabel_5_39_komoditas;[53] NUSA TENGGARA TIMUR;[5310] SIKKA;3114;[5310070] NITA;53;5310;5310070;126;1765;4;8;1903;1903
BAB_5_tabel_5_39_komoditas;[53] NUSA TENGGARA TIMUR;[5310] SIKKA;3114;[5310071] MAGEPANDA;53;5310;5310071;102;22;1;3;128;128
BAB_5_tabel_5_39_komoditas;[53] NUSA TENGGARA TIMUR;[5310] SIKKA;3114;[5310080] ALOK;53;5310;5310080;6;6;1;0;13;13
BAB_5_tabel_5_39_komoditas;[53] NUSA TENGGARA TIMUR;[5310] SIKKA;3114;[5310081] ALOK BARAT;53;5310;5310081;23;24;16;0;63;63
BAB_5_tabel_5_39_komoditas;[53] NUSA TENGGARA TIMUR;[5310] SIKKA;3114;[5310082] ALOK TIMUR;53;5310;5310082;9;71;2;1;83;83
BAB_5_tabel_5_39_komoditas;[53] NUSA TENGGARA TIMUR;[5310] SIKKA;3114;[5310] SIKKA;53;5310;5310999;1467;11707;217;574;13965;13966
BAB_5_tabel_5_39_komoditas;[53] NUSA TENGGARA TIMUR;[5310] SIKKA;3115;[5310010] PAGA;53;5310;5310010;0;0;0;0;0;0
BAB_5_tabel_5_39_komoditas;[53] NUSA TENGGARA TIMUR;[5310] SIKKA;3115;[5310011] MEGO;53;5310;5310011;0;4;0;0;4;4
BAB_5_tabel_5_39_komoditas;[53] NUSA TENGGARA TIMUR;[5310] SIKKA;3115;[5310012] TANA WAWO;53;5310;5310012;0;6;0;0;6;6
BAB_5_tabel_5_39_komoditas;[53] NUSA TENGGARA TIMUR;[5310] SIKKA;3115;[5310020] LELA;53;5310;5310020;0;0;0;0;0;0
BAB_5_tabel_5_39_komoditas;[53] NUSA TENGGARA TIMUR;[5310] SIKKA;3115;[5310030] BOLA;53;5310;5310030;0;1;0;0;1;1
BAB_5_tabel_5_39_komoditas;[53] NUSA TENGGARA TIMUR;[5310] SIKKA;3115;[5310031] DORENG;53;5310;5310031;0;0;0;0;0;0
BAB_5_tabel_5_39_komoditas;[53] NUSA TENGGARA TIMUR;[5310] SIKKA;3115;[5310032] MAPITARA;53;5310;5310032;0;4;0;0;4;4
BAB_5_tabel_5_39_komoditas;[53] NUSA TENGGARA TIMUR;[5310] SIKKA;3115;[5310040] TALIBURA;53;5310;5310040;0;3;0;0;3;3
BAB_5_tabel_5_39_komoditas;[53] NUSA TENGGARA TIMUR;[5310] SIKKA;3115;[5310041] WAIGETE;53;5310;5310041;2;1;1;0;4;4
BAB_5_tabel_5_39_komoditas;[53] NUSA TENGGARA TIMUR;[5310] SIKKA;3115;[5310042] WAIBLAMA;53;5310;5310042;1;10;0;4;15;15
BAB_5_tabel_5_39_komoditas;[53] NUSA TENGGARA TIMUR;[5310] SIKKA;3115;[5310050] KEWAPANTE;53;5310;5310050;0;0;0;0;0;0
BAB_5_tabel_5_39_komoditas;[53] NUSA TENGGARA TIMUR;[5310] SIKKA;3115;[5310051] HEWOKLOANG;53;5310;5310051;0;0;0;0;0;0
BAB_5_tabel_5_39_komoditas;[53] NUSA TENGGARA TIMUR;[5310] SIKKA;3115;[5310052] KANGAE;53;5310;5310052;0;0;0;0;0;0
BAB_5_tabel_5_39_komoditas;[53] NUSA TENGGARA TIMUR;[5310] SIKKA;3115;[5310061] PALUE;53;5310;5310061;0;0;0;0;0;0
BAB_5_tabel_5_39_komoditas;[53] NUSA TENGGARA TIMUR;[5310] SIKKA;3115;[5310062] KOTING;53;5310;5310062;0;0;0;0;0;0
BAB_5_tabel_5_39_komoditas;[53] NUSA TENGGARA TIMUR;[5310] SIKKA;3115;[5310063] NELLE;53;5310;5310063;0;0;0;0;0;0
BAB_5_tabel_5_39_komoditas;[53] NUSA TENGGARA TIMUR;[5310] SIKKA;3115;[5310070] NITA;53;5310;5310070;0;0;0;0;0;0
BAB_5_tabel_5_39_komoditas;[53] NUSA TENGGARA TIMUR;[5310] SIKKA;3115;[5310071] MAGEPANDA;53;5310;5310071;0;0;0;0;0;0
BAB_5_tabel_5_39_komoditas;[53] NUSA TENGGARA TIMUR;[5310] SIKKA;3115;[5310080] ALOK;53;5310;5310080;0;0;0;0;0;0
BAB_5_tabel_5_39_komoditas;[53] NUSA TENGGARA TIMUR;[5310] SIKKA;3115;[5310081] ALOK BARAT;53;5310;5310081;0;0;0;0;0;0
BAB_5_tabel_5_39_komoditas;[53] NUSA TENGGARA TIMUR;[5310] SIKKA;3115;[5310082] ALOK TIMUR;53;5310;5310082;0;6;0;0;6;6
BAB_5_tabel_5_39_komoditas;[53] NUSA TENGGARA TIMUR;[5310] SIKKA;3115;[5310] SIKKA;53;5310;5310999;3;35;1;4;43;43
BAB_5_tabel_5_39_komoditas;[53] NUSA TENGGARA TIMUR;[5310] SIKKA;3116;[5310010] PAGA;53;5310;5310010;0;0;0;0;0;0
BAB_5_tabel_5_39_komoditas;[53] NUSA TENGGARA TIMUR;[5310] SIKKA;3116;[5310011] MEGO;53;5310;5310011;0;0;0;0;0;0
BAB_5_tabel_5_39_komoditas;[53] NUSA TENGGARA TIMUR;[5310] SIKKA;3116;[5310012] TANA WAWO;53;5310;5310012;0;0;0;0;0;0
BAB_5_tabel_5_39_komoditas;[53] NUSA TENGGARA TIMUR;[5310] SIKKA;3116;[5310020] LELA;53;5310;5310020;0;0;0;0;0;0
BAB_5_tabel_5_39_komoditas;[53] NUSA TENGGARA TIMUR;[5310] SIKKA;3116;[5310030] BOLA;53;5310;5310030;0;0;0;0;0;0
BAB_5_tabel_5_39_komoditas;[53] NUSA TENGGARA TIMUR;[5310] SIKKA;3116;[5310031] DORENG;53;5310;5310031;0;0;0;0;0;0
BAB_5_tabel_5_39_komoditas;[53] NUSA TENGGARA TIMUR;[5310] SIKKA;3116;[5310032] MAPITARA;53;5310;5310032;0;0;0;0;0;0
BAB_5_tabel_5_39_komoditas;[53] NUSA TENGGARA TIMUR;[5310] SIKKA;3116;[5310040] TALIBURA;53;5310;5310040;0;0;0;0;0;0
BAB_5_tabel_5_39_komoditas;[53] NUSA TENGGARA TIMUR;[5310] SIKKA;3116;[5310041] WAIGETE;53;5310;5310041;0;0;0;0;0;0
BAB_5_tabel_5_39_komoditas;[53] NUSA TENGGARA TIMUR;[5310] SIKKA;3116;[5310042] WAIBLAMA;53;5310;5310042;0;0;0;0;0;0
BAB_5_tabel_5_39_komoditas;[53] NUSA TENGGARA TIMUR;[5310] SIKKA;3116;[5310050] KEWAPANTE;53;5310;5310050;0;0;0;0;0;0
BAB_5_tabel_5_39_komoditas;[53] NUSA TENGGARA TIMUR;[5310] SIKKA;3116;[5310051] HEWOKLOANG;53;5310;5310051;0;0;0;0;0;0
BAB_5_tabel_5_39_komoditas;[53] NUSA TENGGARA TIMUR;[5310] SIKKA;3116;[5310052] KANGAE;53;5310;5310052;0;0;0;0;0;0
BAB_5_tabel_5_39_komoditas;[53] NUSA TENGGARA TIMUR;[5310] SIKKA;3116;[5310061] PALUE;53;5310;5310061;0;0;0;0;0;0
BAB_5_tabel_5_39_komoditas;[53] NUSA TENGGARA TIMUR;[5310] SIKKA;3116;[5310062] KOTING;53;5310;5310062;0;0;0;0;0;0
BAB_5_tabel_5_39_komoditas;[53] NUSA TENGGARA TIMUR;[5310] SIKKA;3116;[5310063] NELLE;53;5310;5310063;0;0;0;0;0;0
BAB_5_tabel_5_39_komoditas;[53] NUSA TENGGARA TIMUR;[5310] SIKKA;3116;[5310070] NITA;53;5310;5310070;0;0;0;0;0;0
BAB_5_tabel_5_39_komoditas;[53] NUSA TENGGARA TIMUR;[5310] SIKKA;3116;[5310071] MAGEPANDA;53;5310;5310071;0;0;0;0;0;0
BAB_5_tabel_5_39_komoditas;[53] NUSA TENGGARA TIMUR;[5310] SIKKA;3116;[5310080] ALOK;53;5310;5310080;0;0;0;0;0;0
BAB_5_tabel_5_39_komoditas;[53] NUSA TENGGARA TIMUR;[5310] SIKKA;3116;[5310081] ALOK BARAT;53;5310;5310081;0;0;0;0;0;0
BAB_5_tabel_5_39_komoditas;[53] NUSA TENGGARA TIMUR;[5310] SIKKA;3116;[5310082] ALOK TIMUR;53;5310;5310082;0;0;0;0;0;0
BAB_5_tabel_5_39_komoditas;[53] NUSA TENGGARA TIMUR;[5310] SIKKA;3116;[5310] SIKKA;53;5310;5310999;0;0;0;0;0;0
BAB_5_tabel_5_39_komoditas;[53] NUSA TENGGARA TIMUR;[5310] SIKKA;3117;[5310010] PAGA;53;5310;5310010;0;0;0;0;0;0
BAB_5_tabel_5_39_komoditas;[53] NUSA TENGGARA TIMUR;[5310] SIKKA;3117;[5310011] MEGO;53;5310;5310011;0;0;0;0;0;0
BAB_5_tabel_5_39_komoditas;[53] NUSA TENGGARA TIMUR;[5310] SIKKA;3117;[5310012] TANA WAWO;53;5310;5310012;0;0;0;0;0;0
BAB_5_tabel_5_39_komoditas;[53] NUSA TENGGARA TIMUR;[5310] SIKKA;3117;[5310020] LELA;53;5310;5310020;0;0;0;0;0;0
BAB_5_tabel_5_39_komoditas;[53] NUSA TENGGARA TIMUR;[5310] SIKKA;3117;[5310030] BOLA;53;5310;5310030;0;0;0;0;0;0
BAB_5_tabel_5_39_komoditas;[53] NUSA TENGGARA TIMUR;[5310] SIKKA;3117;[5310031] DORENG;53;5310;5310031;0;0;0;0;0;0
BAB_5_tabel_5_39_komoditas;[53] NUSA TENGGARA TIMUR;[5310] SIKKA;3117;[5310032] MAPITARA;53;5310;5310032;0;0;0;0;0;0
BAB_5_tabel_5_39_komoditas;[53] NUSA TENGGARA TIMUR;[5310] SIKKA;3117;[5310040] TALIBURA;53;5310;5310040;0;0;0;0;0;0
BAB_5_tabel_5_39_komoditas;[53] NUSA TENGGARA TIMUR;[5310] SIKKA;3117;[5310041] WAIGETE;53;5310;5310041;0;0;0;0;0;0
BAB_5_tabel_5_39_komoditas;[53] NUSA TENGGARA TIMUR;[5310] SIKKA;3117;[5310042] WAIBLAMA;53;5310;5310042;0;0;0;0;0;0
BAB_5_tabel_5_39_komoditas;[53] NUSA TENGGARA TIMUR;[5310] SIKKA;3117;[5310050] KEWAPANTE;53;5310;5310050;0;0;0;0;0;0
BAB_5_tabel_5_39_komoditas;[53] NUSA TENGGARA TIMUR;[5310] SIKKA;3117;[5310051] HEWOKLOANG;53;5310;5310051;0;0;0;0;0;0
BAB_5_tabel_5_39_komoditas;[53] NUSA TENGGARA TIMUR;[5310] SIKKA;3117;[5310052] KANGAE;53;5310;5310052;0;0;0;0;0;0
BAB_5_tabel_5_39_komoditas;[53] NUSA TENGGARA TIMUR;[5310] SIKKA;3117;[5310061] PALUE;53;5310;5310061;0;0;0;0;0;0
BAB_5_tabel_5_39_komoditas;[53] NUSA TENGGARA TIMUR;[5310] SIKKA;3117;[5310062] KOTING;53;5310;5310062;0;0;0;0;0;0
BAB_5_tabel_5_39_komoditas;[53] NUSA TENGGARA TIMUR;[5310] SIKKA;3117;[5310063] NELLE;53;5310;5310063;0;0;0;0;0;0
BAB_5_tabel_5_39_komoditas;[53] NUSA TENGGARA TIMUR;[5310] SIKKA;3117;[5310070] NITA;53;5310;5310070;0;0;0;0;0;0
BAB_5_tabel_5_39_komoditas;[53] NUSA TENGGARA TIMUR;[5310] SIKKA;3117;[5310071] MAGEPANDA;53;5310;5310071;0;0;0;0;0;0
BAB_5_tabel_5_39_komoditas;[53] NUSA TENGGARA TIMUR;[5310] SIKKA;3117;[5310080] ALOK;53;5310;5310080;0;0;0;0;0;0
BAB_5_tabel_5_39_komoditas;[53] NUSA TENGGARA TIMUR;[5310] SIKKA;3117;[5310081] ALOK BARAT;53;5310;5310081;0;0;0;0;0;0
BAB_5_tabel_5_39_komoditas;[53] NUSA TENGGARA TIMUR;[5310] SIKKA;3117;[5310082] ALOK TIMUR;53;5310;5310082;0;0;0;0;0;0
BAB_5_tabel_5_39_komoditas;[53] NUSA TENGGARA TIMUR;[5310] SIKKA;3117;[5310] SIKKA;53;5310;5310999;0;0;0;0;0;0
BAB_5_tabel_5_39_komoditas;[53] NUSA TENGGARA TIMUR;[5310] SIKKA;3118;[5310010] PAGA;53;5310;5310010;0;0;0;0;0;0
BAB_5_tabel_5_39_komoditas;[53] NUSA TENGGARA TIMUR;[5310] SIKKA;3118;[5310011] MEGO;53;5310;5310011;0;0;0;0;0;0
BAB_5_tabel_5_39_komoditas;[53] NUSA TENGGARA TIMUR;[5310] SIKKA;3118;[5310012] TANA WAWO;53;5310;5310012;0;0;0;0;0;0
BAB_5_tabel_5_39_komoditas;[53] NUSA TENGGARA TIMUR;[5310] SIKKA;3118;[5310020] LELA;53;5310;5310020;0;0;0;0;0;0
BAB_5_tabel_5_39_komoditas;[53] NUSA TENGGARA TIMUR;[5310] SIKKA;3118;[5310030] BOLA;53;5310;5310030;0;0;0;0;0;0
BAB_5_tabel_5_39_komoditas;[53] NUSA TENGGARA TIMUR;[5310] SIKKA;3118;[5310031] DORENG;53;5310;5310031;0;0;0;0;0;0
BAB_5_tabel_5_39_komoditas;[53] NUSA TENGGARA TIMUR;[5310] SIKKA;3118;[5310032] MAPITARA;53;5310;5310032;0;0;0;0;0;0
BAB_5_tabel_5_39_komoditas;[53] NUSA TENGGARA TIMUR;[5310] SIKKA;3118;[5310040] TALIBURA;53;5310;5310040;0;0;0;0;0;0
BAB_5_tabel_5_39_komoditas;[53] NUSA TENGGARA TIMUR;[5310] SIKKA;3118;[5310041] WAIGETE;53;5310;5310041;0;0;0;0;0;0
BAB_5_tabel_5_39_komoditas;[53] NUSA TENGGARA TIMUR;[5310] SIKKA;3118;[5310042] WAIBLAMA;53;5310;5310042;0;0;0;0;0;0
BAB_5_tabel_5_39_komoditas;[53] NUSA TENGGARA TIMUR;[5310] SIKKA;3118;[5310050] KEWAPANTE;53;5310;5310050;0;0;0;0;0;0
BAB_5_tabel_5_39_komoditas;[53] NUSA TENGGARA TIMUR;[5310] SIKKA;3118;[5310051] HEWOKLOANG;53;5310;5310051;0;0;0;0;0;0
BAB_5_tabel_5_39_komoditas;[53] NUSA TENGGARA TIMUR;[5310] SIKKA;3118;[5310052] KANGAE;53;5310;5310052;0;0;0;0;0;0
BAB_5_tabel_5_39_komoditas;[53] NUSA TENGGARA TIMUR;[5310] SIKKA;3118;[5310061] PALUE;53;5310;5310061;0;0;0;0;0;0
BAB_5_tabel_5_39_komoditas;[53] NUSA TENGGARA TIMUR;[5310] SIKKA;3118;[5310062] KOTING;53;5310;5310062;0;0;0;0;0;0
BAB_5_tabel_5_39_komoditas;[53] NUSA TENGGARA TIMUR;[5310] SIKKA;3118;[5310063] NELLE;53;5310;5310063;0;0;0;0;0;0
BAB_5_tabel_5_39_komoditas;[53] NUSA TENGGARA TIMUR;[5310] SIKKA;3118;[5310070] NITA;53;5310;5310070;0;0;0;0;0;0
BAB_5_tabel_5_39_komoditas;[53] NUSA TENGGARA TIMUR;[5310] SIKKA;3118;[5310071] MAGEPANDA;53;5310;5310071;0;0;0;0;0;0
BAB_5_tabel_5_39_komoditas;[53] NUSA TENGGARA TIMUR;[5310] SIKKA;3118;[5310080] ALOK;53;5310;5310080;0;0;0;0;0;0
BAB_5_tabel_5_39_komoditas;[53] NUSA TENGGARA TIMUR;[5310] SIKKA;3118;[5310081] ALOK BARAT;53;5310;5310081;0;0;0;0;0;0
BAB_5_tabel_5_39_komoditas;[53] NUSA TENGGARA TIMUR;[5310] SIKKA;3118;[5310082] ALOK TIMUR;53;5310;5310082;0;0;0;0;0;0
BAB_5_tabel_5_39_komoditas;[53] NUSA TENGGARA TIMUR;[5310] SIKKA;3118;[5310] SIKKA;53;5310;5310999;0;0;0;0;0;0
BAB_5_tabel_5_39_komoditas;[53] NUSA TENGGARA TIMUR;[5310] SIKKA;3119;[5310010] PAGA;53;5310;5310010;7;9;0;0;16;16
BAB_5_tabel_5_39_komoditas;[53] NUSA TENGGARA TIMUR;[5310] SIKKA;3119;[5310011] MEGO;53;5310;5310011;8;281;0;1;290;290
BAB_5_tabel_5_39_komoditas;[53] NUSA TENGGARA TIMUR;[5310] SIKKA;3119;[5310012] TANA WAWO;53;5310;5310012;33;511;0;2;546;546
BAB_5_tabel_5_39_komoditas;[53] NUSA TENGGARA TIMUR;[5310] SIKKA;3119;[5310020] LELA;53;5310;5310020;0;5;0;0;5;5
BAB_5_tabel_5_39_komoditas;[53] NUSA TENGGARA TIMUR;[5310] SIKKA;3119;[5310030] BOLA;53;5310;5310030;1;142;1;8;152;152
BAB_5_tabel_5_39_komoditas;[53] NUSA TENGGARA TIMUR;[5310] SIKKA;3119;[5310031] DORENG;53;5310;5310031;0;100;0;0;100;100
BAB_5_tabel_5_39_komoditas;[53] NUSA TENGGARA TIMUR;[5310] SIKKA;3119;[5310032] MAPITARA;53;5310;5310032;0;24;0;1;25;25
BAB_5_tabel_5_39_komoditas;[53] NUSA TENGGARA TIMUR;[5310] SIKKA;3119;[5310040] TALIBURA;53;5310;5310040;2;43;19;22;86;86
BAB_5_tabel_5_39_komoditas;[53] NUSA TENGGARA TIMUR;[5310] SIKKA;3119;[5310041] WAIGETE;53;5310;5310041;1;46;1;12;60;60
BAB_5_tabel_5_39_komoditas;[53] NUSA TENGGARA TIMUR;[5310] SIKKA;3119;[5310042] WAIBLAMA;53;5310;5310042;0;3;2;4;9;9
BAB_5_tabel_5_39_komoditas;[53] NUSA TENGGARA TIMUR;[5310] SIKKA;3119;[5310050] KEWAPANTE;53;5310;5310050;1;5;0;0;6;6
BAB_5_tabel_5_39_komoditas;[53] NUSA TENGGARA TIMUR;[5310] SIKKA;3119;[5310051] HEWOKLOANG;53;5310;5310051;2;96;3;0;101;101
BAB_5_tabel_5_39_komoditas;[53] NUSA TENGGARA TIMUR;[5310] SIKKA;3119;[5310052] KANGAE;53;5310;5310052;1;45;1;0;47;47
BAB_5_tabel_5_39_komoditas;[53] NUSA TENGGARA TIMUR;[5310] SIKKA;3119;[5310061] PALUE;53;5310;5310061;0;35;0;0;35;35
BAB_5_tabel_5_39_komoditas;[53] NUSA TENGGARA TIMUR;[5310] SIKKA;3119;[5310062] KOTING;53;5310;5310062;0;3;0;0;3;3
BAB_5_tabel_5_39_komoditas;[53] NUSA TENGGARA TIMUR;[5310] SIKKA;3119;[5310063] NELLE;53;5310;5310063;1;1;0;0;2;2
BAB_5_tabel_5_39_komoditas;[53] NUSA TENGGARA TIMUR;[5310] SIKKA;3119;[5310070] NITA;53;5310;5310070;1;47;0;1;49;49
BAB_5_tabel_5_39_komoditas;[53] NUSA TENGGARA TIMUR;[5310] SIKKA;3119;[5310071] MAGEPANDA;53;5310;5310071;1;1;0;0;2;2
BAB_5_tabel_5_39_komoditas;[53] NUSA TENGGARA TIMUR;[5310] SIKKA;3119;[5310080] ALOK;53;5310;5310080;0;0;0;0;0;0
BAB_5_tabel_5_39_komoditas;[53] NUSA TENGGARA TIMUR;[5310] SIKKA;3119;[5310081] ALOK BARAT;53;5310;5310081;0;1;0;0;1;1
BAB_5_tabel_5_39_komoditas;[53] NUSA TENGGARA TIMUR;[5310] SIKKA;3119;[5310082] ALOK TIMUR;53;5310;5310082;1;29;0;0;30;30
BAB_5_tabel_5_39_komoditas;[53] NUSA TENGGARA TIMUR;[5310] SIKKA;3119;[5310] SIKKA;53;5310;5310999;60;1427;27;51;1565;1565
BAB_5_tabel_5_39_komoditas;[53] NUSA TENGGARA TIMUR;[5310] SIKKA;3120;[5310010] PAGA;53;5310;5310010;1;2;0;0;3;3
BAB_5_tabel_5_39_komoditas;[53] NUSA TENGGARA TIMUR;[5310] SIKKA;3120;[5310011] MEGO;53;5310;5310011;0;5;0;0;5;5
BAB_5_tabel_5_39_komoditas;[53] NUSA TENGGARA TIMUR;[5310] SIKKA;3120;[5310012] TANA WAWO;53;5310;5310012;0;1;0;0;1;1
BAB_5_tabel_5_39_komoditas;[53] NUSA TENGGARA TIMUR;[5310] SIKKA;3120;[5310020] LELA;53;5310;5310020;1;9;0;0;10;10
BAB_5_tabel_5_39_komoditas;[53] NUSA TENGGARA TIMUR;[5310] SIKKA;3120;[5310030] BOLA;53;5310;5310030;1;130;0;0;131;131
BAB_5_tabel_5_39_komoditas;[53] NUSA TENGGARA TIMUR;[5310] SIKKA;3120;[5310031] DORENG;53;5310;5310031;0;2;0;0;2;2
BAB_5_tabel_5_39_komoditas;[53] NUSA TENGGARA TIMUR;[5310] SIKKA;3120;[5310032] MAPITARA;53;5310;5310032;0;2;0;0;2;2
BAB_5_tabel_5_39_komoditas;[53] NUSA TENGGARA TIMUR;[5310] SIKKA;3120;[5310040] TALIBURA;53;5310;5310040;0;9;1;1;11;11
BAB_5_tabel_5_39_komoditas;[53] NUSA TENGGARA TIMUR;[5310] SIKKA;3120;[5310041] WAIGETE;53;5310;5310041;1;4;0;0;5;5
BAB_5_tabel_5_39_komoditas;[53] NUSA TENGGARA TIMUR;[5310] SIKKA;3120;[5310042] WAIBLAMA;53;5310;5310042;0;0;0;0;0;0
BAB_5_tabel_5_39_komoditas;[53] NUSA TENGGARA TIMUR;[5310] SIKKA;3120;[5310050] KEWAPANTE;53;5310;5310050;1;0;0;0;1;1
BAB_5_tabel_5_39_komoditas;[53] NUSA TENGGARA TIMUR;[5310] SIKKA;3120;[5310051] HEWOKLOANG;53;5310;5310051;0;6;0;0;6;6
BAB_5_tabel_5_39_komoditas;[53] NUSA TENGGARA TIMUR;[5310] SIKKA;3120;[5310052] KANGAE;53;5310;5310052;0;4;0;0;4;4
BAB_5_tabel_5_39_komoditas;[53] NUSA TENGGARA TIMUR;[5310] SIKKA;3120;[5310061] PALUE;53;5310;5310061;0;0;0;0;0;0
BAB_5_tabel_5_39_komoditas;[53] NUSA TENGGARA TIMUR;[5310] SIKKA;3120;[5310062] KOTING;53;5310;5310062;2;24;0;0;26;26
BAB_5_tabel_5_39_komoditas;[53] NUSA TENGGARA TIMUR;[5310] SIKKA;3120;[5310063] NELLE;53;5310;5310063;0;0;0;0;0;0
BAB_5_tabel_5_39_komoditas;[53] NUSA TENGGARA TIMUR;[5310] SIKKA;3120;[5310070] NITA;53;5310;5310070;1;145;0;0;146;146
BAB_5_tabel_5_39_komoditas;[53] NUSA TENGGARA TIMUR;[5310] SIKKA;3120;[5310071] MAGEPANDA;53;5310;5310071;1;0;0;0;1;1
BAB_5_tabel_5_39_komoditas;[53] NUSA TENGGARA TIMUR;[5310] SIKKA;3120;[5310080] ALOK;53;5310;5310080;0;0;0;0;0;0
BAB_5_tabel_5_39_komoditas;[53] NUSA TENGGARA TIMUR;[5310] SIKKA;3120;[5310081] ALOK BARAT;53;5310;5310081;0;0;0;0;0;0
BAB_5_tabel_5_39_komoditas;[53] NUSA TENGGARA TIMUR;[5310] SIKKA;3120;[5310082] ALOK TIMUR;53;5310;5310082;0;2;0;0;2;2
BAB_5_tabel_5_39_komoditas;[53] NUSA TENGGARA TIMUR;[5310] SIKKA;3120;[5310] SIKKA;53;5310;5310999;9;345;1;1;356;356
BAB_5_tabel_5_39_komoditas;[53] NUSA TENGGARA TIMUR;[5310] SIKKA;3121;[5310010] PAGA;53;5310;5310010;0;0;0;0;0;0
BAB_5_tabel_5_39_komoditas;[53] NUSA TENGGARA TIMUR;[5310] SIKKA;3121;[5310011] MEGO;53;5310;5310011;1;1;0;0;2;2
BAB_5_tabel_5_39_komoditas;[53] NUSA TENGGARA TIMUR;[5310] SIKKA;3121;[5310012] TANA WAWO;53;5310;5310012;0;0;0;0;0;0
BAB_5_tabel_5_39_komoditas;[53] NUSA TENGGARA TIMUR;[5310] SIKKA;3121;[5310020] LELA;53;5310;5310020;0;0;0;0;0;0
BAB_5_tabel_5_39_komoditas;[53] NUSA TENGGARA TIMUR;[5310] SIKKA;3121;[5310030] BOLA;53;5310;5310030;3;81;0;5;89;89
BAB_5_tabel_5_39_komoditas;[53] NUSA TENGGARA TIMUR;[5310] SIKKA;3121;[5310031] DORENG;53;5310;5310031;1;15;0;0;16;16
BAB_5_tabel_5_39_komoditas;[53] NUSA TENGGARA TIMUR;[5310] SIKKA;3121;[5310032] MAPITARA;53;5310;5310032;0;4;0;0;4;4
BAB_5_tabel_5_39_komoditas;[53] NUSA TENGGARA TIMUR;[5310] SIKKA;3121;[5310040] TALIBURA;53;5310;5310040;4;24;0;5;33;33
BAB_5_tabel_5_39_komoditas;[53] NUSA TENGGARA TIMUR;[5310] SIKKA;3121;[5310041] WAIGETE;53;5310;5310041;133;202;14;44;393;393
BAB_5_tabel_5_39_komoditas;[53] NUSA TENGGARA TIMUR;[5310] SIKKA;3121;[5310042] WAIBLAMA;53;5310;5310042;0;0;1;0;1;1
BAB_5_tabel_5_39_komoditas;[53] NUSA TENGGARA TIMUR;[5310] SIKKA;3121;[5310050] KEWAPANTE;53;5310;5310050;6;43;1;1;51;51
BAB_5_tabel_5_39_komoditas;[53] NUSA TENGGARA TIMUR;[5310] SIKKA;3121;[5310051] HEWOKLOANG;53;5310;5310051;9;37;0;0;46;46
BAB_5_tabel_5_39_komoditas;[53] NUSA TENGGARA TIMUR;[5310] SIKKA;3121;[5310052] KANGAE;53;5310;5310052;45;154;3;0;202;202
BAB_5_tabel_5_39_komoditas;[53] NUSA TENGGARA TIMUR;[5310] SIKKA;3121;[5310061] PALUE;53;5310;5310061;0;0;0;0;0;0
BAB_5_tabel_5_39_komoditas;[53] NUSA TENGGARA TIMUR;[5310] SIKKA;3121;[5310062] KOTING;53;5310;5310062;1;0;0;0;1;1
BAB_5_tabel_5_39_komoditas;[53] NUSA TENGGARA TIMUR;[5310] SIKKA;3121;[5310063] NELLE;53;5310;5310063;11;139;0;0;150;150
BAB_5_tabel_5_39_komoditas;[53] NUSA TENGGARA TIMUR;[5310] SIKKA;3121;[5310070] NITA;53;5310;5310070;0;0;0;0;0;0
BAB_5_tabel_5_39_komoditas;[53] NUSA TENGGARA TIMUR;[5310] SIKKA;3121;[5310071] MAGEPANDA;53;5310;5310071;0;0;0;0;0;0
BAB_5_tabel_5_39_komoditas;[53] NUSA TENGGARA TIMUR;[5310] SIKKA;3121;[5310080] ALOK;53;5310;5310080;22;9;0;1;32;32
BAB_5_tabel_5_39_komoditas;[53] NUSA TENGGARA TIMUR;[5310] SIKKA;3121;[5310081] ALOK BARAT;53;5310;5310081;3;0;0;0;3;3
BAB_5_tabel_5_39_komoditas;[53] NUSA TENGGARA TIMUR;[5310] SIKKA;3121;[5310082] ALOK TIMUR;53;5310;5310082;71;123;6;29;229;229
BAB_5_tabel_5_39_komoditas;[53] NUSA TENGGARA TIMUR;[5310] SIKKA;3121;[5310] SIKKA;53;5310;5310999;310;832;25;85;1252;1252
BAB_5_tabel_5_39_komoditas;[53] NUSA TENGGARA TIMUR;[5310] SIKKA;3123;[5310010] PAGA;53;5310;5310010;14;26;0;1;41;41
BAB_5_tabel_5_39_komoditas;[53] NUSA TENGGARA TIMUR;[5310] SIKKA;3123;[5310011] MEGO;53;5310;5310011;25;264;0;0;289;289
BAB_5_tabel_5_39_komoditas;[53] NUSA TENGGARA TIMUR;[5310] SIKKA;3123;[5310012] TANA WAWO;53;5310;5310012;3;77;0;0;80;80
BAB_5_tabel_5_39_komoditas;[53] NUSA TENGGARA TIMUR;[5310] SIKKA;3123;[5310020] LELA;53;5310;5310020;1;71;0;0;72;72
BAB_5_tabel_5_39_komoditas;[53] NUSA TENGGARA TIMUR;[5310] SIKKA;3123;[5310030] BOLA;53;5310;5310030;25;660;2;2;689;689
BAB_5_tabel_5_39_komoditas;[53] NUSA TENGGARA TIMUR;[5310] SIKKA;3123;[5310031] DORENG;53;5310;5310031;9;397;0;0;406;406
BAB_5_tabel_5_39_komoditas;[53] NUSA TENGGARA TIMUR;[5310] SIKKA;3123;[5310032] MAPITARA;53;5310;5310032;17;223;1;0;241;241
BAB_5_tabel_5_39_komoditas;[53] NUSA TENGGARA TIMUR;[5310] SIKKA;3123;[5310040] TALIBURA;53;5310;5310040;4;22;1;9;36;36
BAB_5_tabel_5_39_komoditas;[53] NUSA TENGGARA TIMUR;[5310] SIKKA;3123;[5310041] WAIGETE;53;5310;5310041;6;86;2;16;110;110
BAB_5_tabel_5_39_komoditas;[53] NUSA TENGGARA TIMUR;[5310] SIKKA;3123;[5310042] WAIBLAMA;53;5310;5310042;0;10;0;2;12;12
BAB_5_tabel_5_39_komoditas;[53] NUSA TENGGARA TIMUR;[5310] SIKKA;3123;[5310050] KEWAPANTE;53;5310;5310050;2;36;1;0;39;39
BAB_5_tabel_5_39_komoditas;[53] NUSA TENGGARA TIMUR;[5310] SIKKA;3123;[5310051] HEWOKLOANG;53;5310;5310051;2;210;0;0;212;212
BAB_5_tabel_5_39_komoditas;[53] NUSA TENGGARA TIMUR;[5310] SIKKA;3123;[5310052] KANGAE;53;5310;5310052;7;171;1;0;179;179
BAB_5_tabel_5_39_komoditas;[53] NUSA TENGGARA TIMUR;[5310] SIKKA;3123;[5310061] PALUE;53;5310;5310061;0;2;0;0;2;2
BAB_5_tabel_5_39_komoditas;[53] NUSA TENGGARA TIMUR;[5310] SIKKA;3123;[5310062] KOTING;53;5310;5310062;6;50;5;0;61;61
BAB_5_tabel_5_39_komoditas;[53] NUSA TENGGARA TIMUR;[5310] SIKKA;3123;[5310063] NELLE;53;5310;5310063;0;1;0;0;1;1
BAB_5_tabel_5_39_komoditas;[53] NUSA TENGGARA TIMUR;[5310] SIKKA;3123;[5310070] NITA;53;5310;5310070;9;280;1;1;291;291
BAB_5_tabel_5_39_komoditas;[53] NUSA TENGGARA TIMUR;[5310] SIKKA;3123;[5310071] MAGEPANDA;53;5310;5310071;0;2;0;0;2;2
BAB_5_tabel_5_39_komoditas;[53] NUSA TENGGARA TIMUR;[5310] SIKKA;3123;[5310080] ALOK;53;5310;5310080;0;0;0;1;1;2
BAB_5_tabel_5_39_komoditas;[53] NUSA TENGGARA TIMUR;[5310] SIKKA;3123;[5310081] ALOK BARAT;53;5310;5310081;2;2;0;0;4;4
BAB_5_tabel_5_39_komoditas;[53] NUSA TENGGARA TIMUR;[5310] SIKKA;3123;[5310082] ALOK TIMUR;53;5310;5310082;6;22;0;0;28;28
BAB_5_tabel_5_39_komoditas;[53] NUSA TENGGARA TIMUR;[5310] SIKKA;3123;[5310] SIKKA;53;5310;5310999;138;2612;14;32;2796;2797
BAB_5_tabel_5_39_komoditas;[53] NUSA TENGGARA TIMUR;[5310] SIKKA;3124;[5310010] PAGA;53;5310;5310010;3;7;0;0;10;11
BAB_5_tabel_5_39_komoditas;[53] NUSA TENGGARA TIMUR;[5310] SIKKA;3124;[5310011] MEGO;53;5310;5310011;5;33;0;0;38;38
BAB_5_tabel_5_39_komoditas;[53] NUSA TENGGARA TIMUR;[5310] SIKKA;3124;[5310012] TANA WAWO;53;5310;5310012;2;131;0;1;134;134
BAB_5_tabel_5_39_komoditas;[53] NUSA TENGGARA TIMUR;[5310] SIKKA;3124;[5310020] LELA;53;5310;5310020;0;47;0;0;47;47
BAB_5_tabel_5_39_komoditas;[53] NUSA TENGGARA TIMUR;[5310] SIKKA;3124;[5310030] BOLA;53;5310;5310030;9;884;1;0;894;894
BAB_5_tabel_5_39_komoditas;[53] NUSA TENGGARA TIMUR;[5310] SIKKA;3124;[5310031] DORENG;53;5310;5310031;7;1519;1;0;1527;1527
BAB_5_tabel_5_39_komoditas;[53] NUSA TENGGARA TIMUR;[5310] SIKKA;3124;[5310032] MAPITARA;53;5310;5310032;3;216;0;0;219;219
BAB_5_tabel_5_39_komoditas;[53] NUSA TENGGARA TIMUR;[5310] SIKKA;3124;[5310040] TALIBURA;53;5310;5310040;1;15;2;13;31;31
BAB_5_tabel_5_39_komoditas;[53] NUSA TENGGARA TIMUR;[5310] SIKKA;3124;[5310041] WAIGETE;53;5310;5310041;2;398;3;53;456;456
BAB_5_tabel_5_39_komoditas;[53] NUSA TENGGARA TIMUR;[5310] SIKKA;3124;[5310042] WAIBLAMA;53;5310;5310042;1;2;1;1;5;5
BAB_5_tabel_5_39_komoditas;[53] NUSA TENGGARA TIMUR;[5310] SIKKA;3124;[5310050] KEWAPANTE;53;5310;5310050;35;102;1;0;138;138
BAB_5_tabel_5_39_komoditas;[53] NUSA TENGGARA TIMUR;[5310] SIKKA;3124;[5310051] HEWOKLOANG;53;5310;5310051;11;1155;4;1;1171;1172
BAB_5_tabel_5_39_komoditas;[53] NUSA TENGGARA TIMUR;[5310] SIKKA;3124;[5310052] KANGAE;53;5310;5310052;5;97;4;0;106;106
BAB_5_tabel_5_39_komoditas;[53] NUSA TENGGARA TIMUR;[5310] SIKKA;3124;[5310061] PALUE;53;5310;5310061;0;5;0;0;5;5
BAB_5_tabel_5_39_komoditas;[53] NUSA TENGGARA TIMUR;[5310] SIKKA;3124;[5310062] KOTING;53;5310;5310062;2;32;0;0;34;34
BAB_5_tabel_5_39_komoditas;[53] NUSA TENGGARA TIMUR;[5310] SIKKA;3124;[5310063] NELLE;53;5310;5310063;0;0;0;0;0;0
BAB_5_tabel_5_39_komoditas;[53] NUSA TENGGARA TIMUR;[5310] SIKKA;3124;[5310070] NITA;53;5310;5310070;1;306;1;2;310;310
BAB_5_tabel_5_39_komoditas;[53] NUSA TENGGARA TIMUR;[5310] SIKKA;3124;[5310071] MAGEPANDA;53;5310;5310071;0;0;0;0;0;0
BAB_5_tabel_5_39_komoditas;[53] NUSA TENGGARA TIMUR;[5310] SIKKA;3124;[5310080] ALOK;53;5310;5310080;1;6;1;0;8;9
BAB_5_tabel_5_39_komoditas;[53] NUSA TENGGARA TIMUR;[5310] SIKKA;3124;[5310081] ALOK BARAT;53;5310;5310081;2;2;1;0;5;5
BAB_5_tabel_5_39_komoditas;[53] NUSA TENGGARA TIMUR;[5310] SIKKA;3124;[5310082] ALOK TIMUR;53;5310;5310082;4;62;4;0;70;70
BAB_5_tabel_5_39_komoditas;[53] NUSA TENGGARA TIMUR;[5310] SIKKA;3124;[5310] SIKKA;53;5310;5310999;94;5019;24;71;5208;5211
BAB_5_tabel_5_39_komoditas;[53] NUSA TENGGARA TIMUR;[5310] SIKKA;3125;[5310010] PAGA;53;5310;5310010;0;0;0;0;0;0
BAB_5_tabel_5_39_komoditas;[53] NUSA TENGGARA TIMUR;[5310] SIKKA;3125;[5310011] MEGO;53;5310;5310011;0;0;0;0;0;0
BAB_5_tabel_5_39_komoditas;[53] NUSA TENGGARA TIMUR;[5310] SIKKA;3125;[5310012] TANA WAWO;53;5310;5310012;0;1;0;0;1;1
BAB_5_tabel_5_39_komoditas;[53] NUSA TENGGARA TIMUR;[5310] SIKKA;3125;[5310020] LELA;53;5310;5310020;0;0;0;0;0;0
BAB_5_tabel_5_39_komoditas;[53] NUSA TENGGARA TIMUR;[5310] SIKKA;3125;[5310030] BOLA;53;5310;5310030;0;0;0;0;0;0
BAB_5_tabel_5_39_komoditas;[53] NUSA TENGGARA TIMUR;[5310] SIKKA;3125;[5310031] DORENG;53;5310;5310031;0;1;0;0;1;1
BAB_5_tabel_5_39_komoditas;[53] NUSA TENGGARA TIMUR;[5310] SIKKA;3125;[5310032] MAPITARA;53;5310;5310032;0;1;0;0;1;1
BAB_5_tabel_5_39_komoditas;[53] NUSA TENGGARA TIMUR;[5310] SIKKA;3125;[5310040] TALIBURA;53;5310;5310040;0;0;0;0;0;0
BAB_5_tabel_5_39_komoditas;[53] NUSA TENGGARA TIMUR;[5310] SIKKA;3125;[5310041] WAIGETE;53;5310;5310041;0;1;0;0;1;1
BAB_5_tabel_5_39_komoditas;[53] NUSA TENGGARA TIMUR;[5310] SIKKA;3125;[5310042] WAIBLAMA;53;5310;5310042;0;0;0;0;0;0
BAB_5_tabel_5_39_komoditas;[53] NUSA TENGGARA TIMUR;[5310] SIKKA;3125;[5310050] KEWAPANTE;53;5310;5310050;0;0;0;0;0;0
BAB_5_tabel_5_39_komoditas;[53] NUSA TENGGARA TIMUR;[5310] SIKKA;3125;[5310051] HEWOKLOANG;53;5310;5310051;0;0;0;0;0;0
BAB_5_tabel_5_39_komoditas;[53] NUSA TENGGARA TIMUR;[5310] SIKKA;3125;[5310052] KANGAE;53;5310;5310052;0;0;0;0;0;0
BAB_5_tabel_5_39_komoditas;[53] NUSA TENGGARA TIMUR;[5310] SIKKA;3125;[5310061] PALUE;53;5310;5310061;0;0;0;0;0;0
BAB_5_tabel_5_39_komoditas;[53] NUSA TENGGARA TIMUR;[5310] SIKKA;3125;[5310062] KOTING;53;5310;5310062;0;0;0;0;0;0
BAB_5_tabel_5_39_komoditas;[53] NUSA TENGGARA TIMUR;[5310] SIKKA;3125;[5310063] NELLE;53;5310;5310063;0;0;0;0;0;0
BAB_5_tabel_5_39_komoditas;[53] NUSA TENGGARA TIMUR;[5310] SIKKA;3125;[5310070] NITA;53;5310;5310070;0;1;0;0;1;1
BAB_5_tabel_5_39_komoditas;[53] NUSA TENGGARA TIMUR;[5310] SIKKA;3125;[5310071] MAGEPANDA;53;5310;5310071;0;1;0;0;1;1
BAB_5_tabel_5_39_komoditas;[53] NUSA TENGGARA TIMUR;[5310] SIKKA;3125;[5310080] ALOK;53;5310;5310080;0;0;0;0;0;0
BAB_5_tabel_5_39_komoditas;[53] NUSA TENGGARA TIMUR;[5310] SIKKA;3125;[5310081] ALOK BARAT;53;5310;5310081;0;0;0;0;0;0
BAB_5_tabel_5_39_komoditas;[53] NUSA TENGGARA TIMUR;[5310] SIKKA;3125;[5310082] ALOK TIMUR;53;5310;5310082;0;0;0;0;0;0
BAB_5_tabel_5_39_komoditas;[53] NUSA TENGGARA TIMUR;[5310] SIKKA;3125;[5310] SIKKA;53;5310;5310999;0;6;0;0;6;6
BAB_5_tabel_5_39_komoditas;[53] NUSA TENGGARA TIMUR;[5310] SIKKA;3126;[5310010] PAGA;53;5310;5310010;0;0;0;0;0;0
BAB_5_tabel_5_39_komoditas;[53] NUSA TENGGARA TIMUR;[5310] SIKKA;3126;[5310011] MEGO;53;5310;5310011;0;1;0;0;1;1
BAB_5_tabel_5_39_komoditas;[53] NUSA TENGGARA TIMUR;[5310] SIKKA;3126;[5310012] TANA WAWO;53;5310;5310012;1;5;0;0;6;6
BAB_5_tabel_5_39_komoditas;[53] NUSA TENGGARA TIMUR;[5310] SIKKA;3126;[5310020] LELA;53;5310;5310020;1;23;0;0;24;24
BAB_5_tabel_5_39_komoditas;[53] NUSA TENGGARA TIMUR;[5310] SIKKA;3126;[5310030] BOLA;53;5310;5310030;1;99;0;0;100;100
BAB_5_tabel_5_39_komoditas;[53] NUSA TENGGARA TIMUR;[5310] SIKKA;3126;[5310031] DORENG;53;5310;5310031;0;29;0;0;29;29
BAB_5_tabel_5_39_komoditas;[53] NUSA TENGGARA TIMUR;[5310] SIKKA;3126;[5310032] MAPITARA;53;5310;5310032;0;3;0;0;3;3
BAB_5_tabel_5_39_komoditas;[53] NUSA TENGGARA TIMUR;[5310] SIKKA;3126;[5310040] TALIBURA;53;5310;5310040;3;18;0;2;23;23
BAB_5_tabel_5_39_komoditas;[53] NUSA TENGGARA TIMUR;[5310] SIKKA;3126;[5310041] WAIGETE;53;5310;5310041;0;1;0;1;2;2
BAB_5_tabel_5_39_komoditas;[53] NUSA TENGGARA TIMUR;[5310] SIKKA;3126;[5310042] WAIBLAMA;53;5310;5310042;0;0;1;0;1;1
BAB_5_tabel_5_39_komoditas;[53] NUSA TENGGARA TIMUR;[5310] SIKKA;3126;[5310050] KEWAPANTE;53;5310;5310050;9;7;0;0;16;16
BAB_5_tabel_5_39_komoditas;[53] NUSA TENGGARA TIMUR;[5310] SIKKA;3126;[5310051] HEWOKLOANG;53;5310;5310051;0;169;0;0;169;169
BAB_5_tabel_5_39_komoditas;[53] NUSA TENGGARA TIMUR;[5310] SIKKA;3126;[5310052] KANGAE;53;5310;5310052;0;1;0;0;1;1
BAB_5_tabel_5_39_komoditas;[53] NUSA TENGGARA TIMUR;[5310] SIKKA;3126;[5310061] PALUE;53;5310;5310061;0;0;0;0;0;0
BAB_5_tabel_5_39_komoditas;[53] NUSA TENGGARA TIMUR;[5310] SIKKA;3126;[5310062] KOTING;53;5310;5310062;0;5;0;0;5;5
BAB_5_tabel_5_39_komoditas;[53] NUSA TENGGARA TIMUR;[5310] SIKKA;3126;[5310063] NELLE;53;5310;5310063;0;0;0;0;0;0
BAB_5_tabel_5_39_komoditas;[53] NUSA TENGGARA TIMUR;[5310] SIKKA;3126;[5310070] NITA;53;5310;5310070;3;169;0;0;172;172
BAB_5_tabel_5_39_komoditas;[53] NUSA TENGGARA TIMUR;[5310] SIKKA;3126;[5310071] MAGEPANDA;53;5310;5310071;0;4;0;0;4;4
BAB_5_tabel_5_39_komoditas;[53] NUSA TENGGARA TIMUR;[5310] SIKKA;3126;[5310080] ALOK;53;5310;5310080;0;0;0;0;0;0
BAB_5_tabel_5_39_komoditas;[53] NUSA TENGGARA TIMUR;[5310] SIKKA;3126;[5310081] ALOK BARAT;53;5310;5310081;0;0;0;0;0;0
BAB_5_tabel_5_39_komoditas;[53] NUSA TENGGARA TIMUR;[5310] SIKKA;3126;[5310082] ALOK TIMUR;53;5310;5310082;0;6;0;0;6;6
BAB_5_tabel_5_39_komoditas;[53] NUSA TENGGARA TIMUR;[5310] SIKKA;3126;[5310] SIKKA;53;5310;5310999;18;540;1;3;562;562
BAB_5_tabel_5_39_komoditas;[53] NUSA TENGGARA TIMUR;[5310] SIKKA;3127;[5310010] PAGA;53;5310;5310010;0;0;0;0;0;0
BAB_5_tabel_5_39_komoditas;[53] NUSA TENGGARA TIMUR;[5310] SIKKA;3127;[5310011] MEGO;53;5310;5310011;0;0;0;0;0;0
BAB_5_tabel_5_39_komoditas;[53] NUSA TENGGARA TIMUR;[5310] SIKKA;3127;[5310012] TANA WAWO;53;5310;5310012;0;0;0;0;0;0
BAB_5_tabel_5_39_komoditas;[53] NUSA TENGGARA TIMUR;[5310] SIKKA;3127;[5310020] LELA;53;5310;5310020;0;0;0;0;0;0
BAB_5_tabel_5_39_komoditas;[53] NUSA TENGGARA TIMUR;[5310] SIKKA;3127;[5310030] BOLA;53;5310;5310030;0;0;0;0;0;0
BAB_5_tabel_5_39_komoditas;[53] NUSA TENGGARA TIMUR;[5310] SIKKA;3127;[5310031] DORENG;53;5310;5310031;0;0;0;0;0;0
BAB_5_tabel_5_39_komoditas;[53] NUSA TENGGARA TIMUR;[5310] SIKKA;3127;[5310032] MAPITARA;53;5310;5310032;0;0;0;0;0;0
BAB_5_tabel_5_39_komoditas;[53] NUSA TENGGARA TIMUR;[5310] SIKKA;3127;[5310040] TALIBURA;53;5310;5310040;0;0;0;0;0;0
BAB_5_tabel_5_39_komoditas;[53] NUSA TENGGARA TIMUR;[5310] SIKKA;3127;[5310041] WAIGETE;53;5310;5310041;0;0;0;0;0;0
BAB_5_tabel_5_39_komoditas;[53] NUSA TENGGARA TIMUR;[5310] SIKKA;3127;[5310042] WAIBLAMA;53;5310;5310042;0;0;0;0;0;0
BAB_5_tabel_5_39_komoditas;[53] NUSA TENGGARA TIMUR;[5310] SIKKA;3127;[5310050] KEWAPANTE;53;5310;5310050;0;0;0;0;0;0
BAB_5_tabel_5_39_komoditas;[53] NUSA TENGGARA TIMUR;[5310] SIKKA;3127;[5310051] HEWOKLOANG;53;5310;5310051;0;0;0;0;0;0
BAB_5_tabel_5_39_komoditas;[53] NUSA TENGGARA TIMUR;[5310] SIKKA;3127;[5310052] KANGAE;53;5310;5310052;0;0;0;0;0;0
BAB_5_tabel_5_39_komoditas;[53] NUSA TENGGARA TIMUR;[5310] SIKKA;3127;[5310061] PALUE;53;5310;5310061;0;0;0;0;0;0
BAB_5_tabel_5_39_komoditas;[53] NUSA TENGGARA TIMUR;[5310] SIKKA;3127;[5310062] KOTING;53;5310;5310062;0;0;0;0;0;0
BAB_5_tabel_5_39_komoditas;[53] NUSA TENGGARA TIMUR;[5310] SIKKA;3127;[5310063] NELLE;53;5310;5310063;0;0;0;0;0;0
BAB_5_tabel_5_39_komoditas;[53] NUSA TENGGARA TIMUR;[5310] SIKKA;3127;[5310070] NITA;53;5310;5310070;0;0;0;0;0;0
BAB_5_tabel_5_39_komoditas;[53] NUSA TENGGARA TIMUR;[5310] SIKKA;3127;[5310071] MAGEPANDA;53;5310;5310071;0;0;0;0;0;0
BAB_5_tabel_5_39_komoditas;[53] NUSA TENGGARA TIMUR;[5310] SIKKA;3127;[5310080] ALOK;53;5310;5310080;0;0;0;0;0;0
BAB_5_tabel_5_39_komoditas;[53] NUSA TENGGARA TIMUR;[5310] SIKKA;3127;[5310081] ALOK BARAT;53;5310;5310081;0;0;0;0;0;0
BAB_5_tabel_5_39_komoditas;[53] NUSA TENGGARA TIMUR;[5310] SIKKA;3127;[5310082] ALOK TIMUR;53;5310;5310082;0;0;0;0;0;0
BAB_5_tabel_5_39_komoditas;[53] NUSA TENGGARA TIMUR;[5310] SIKKA;3127;[5310] SIKKA;53;5310;5310999;0;0;0;0;0;0
BAB_5_tabel_5_39_komoditas;[53] NUSA TENGGARA TIMUR;[5310] SIKKA;3128;[5310010] PAGA;53;5310;5310010;0;0;0;0;0;0
BAB_5_tabel_5_39_komoditas;[53] NUSA TENGGARA TIMUR;[5310] SIKKA;3128;[5310011] MEGO;53;5310;5310011;0;0;0;0;0;0
BAB_5_tabel_5_39_komoditas;[53] NUSA TENGGARA TIMUR;[5310] SIKKA;3128;[5310012] TANA WAWO;53;5310;5310012;0;0;0;0;0;0
BAB_5_tabel_5_39_komoditas;[53] NUSA TENGGARA TIMUR;[5310] SIKKA;3128;[5310020] LELA;53;5310;5310020;0;0;0;0;0;0
BAB_5_tabel_5_39_komoditas;[53] NUSA TENGGARA TIMUR;[5310] SIKKA;3128;[5310030] BOLA;53;5310;5310030;0;0;0;0;0;0
BAB_5_tabel_5_39_komoditas;[53] NUSA TENGGARA TIMUR;[5310] SIKKA;3128;[5310031] DORENG;53;5310;5310031;0;0;0;0;0;0
BAB_5_tabel_5_39_komoditas;[53] NUSA TENGGARA TIMUR;[5310] SIKKA;3128;[5310032] MAPITARA;53;5310;5310032;0;0;0;0;0;0
BAB_5_tabel_5_39_komoditas;[53] NUSA TENGGARA TIMUR;[5310] SIKKA;3128;[5310040] TALIBURA;53;5310;5310040;0;0;0;0;0;0
BAB_5_tabel_5_39_komoditas;[53] NUSA TENGGARA TIMUR;[5310] SIKKA;3128;[5310041] WAIGETE;53;5310;5310041;0;0;0;0;0;0
BAB_5_tabel_5_39_komoditas;[53] NUSA TENGGARA TIMUR;[5310] SIKKA;3128;[5310042] WAIBLAMA;53;5310;5310042;0;0;0;0;0;0
BAB_5_tabel_5_39_komoditas;[53] NUSA TENGGARA TIMUR;[5310] SIKKA;3128;[5310050] KEWAPANTE;53;5310;5310050;0;0;0;0;0;0
BAB_5_tabel_5_39_komoditas;[53] NUSA TENGGARA TIMUR;[5310] SIKKA;3128;[5310051] HEWOKLOANG;53;5310;5310051;0;0;0;0;0;0
BAB_5_tabel_5_39_komoditas;[53] NUSA TENGGARA TIMUR;[5310] SIKKA;3128;[5310052] KANGAE;53;5310;5310052;0;0;0;0;0;0
BAB_5_tabel_5_39_komoditas;[53] NUSA TENGGARA TIMUR;[5310] SIKKA;3128;[5310061] PALUE;53;5310;5310061;0;0;0;0;0;0
BAB_5_tabel_5_39_komoditas;[53] NUSA TENGGARA TIMUR;[5310] SIKKA;3128;[5310062] KOTING;53;5310;5310062;0;0;0;0;0;0
BAB_5_tabel_5_39_komoditas;[53] NUSA TENGGARA TIMUR;[5310] SIKKA;3128;[5310063] NELLE;53;5310;5310063;0;0;0;0;0;0
BAB_5_tabel_5_39_komoditas;[53] NUSA TENGGARA TIMUR;[5310] SIKKA;3128;[5310070] NITA;53;5310;5310070;0;0;0;0;0;0
BAB_5_tabel_5_39_komoditas;[53] NUSA TENGGARA TIMUR;[5310] SIKKA;3128;[5310071] MAGEPANDA;53;5310;5310071;0;0;0;0;0;0
BAB_5_tabel_5_39_komoditas;[53] NUSA TENGGARA TIMUR;[5310] SIKKA;3128;[5310080] ALOK;53;5310;5310080;0;0;0;0;0;0
BAB_5_tabel_5_39_komoditas;[53] NUSA TENGGARA TIMUR;[5310] SIKKA;3128;[5310081] ALOK BARAT;53;5310;5310081;0;0;0;0;0;0
BAB_5_tabel_5_39_komoditas;[53] NUSA TENGGARA TIMUR;[5310] SIKKA;3128;[5310082] ALOK TIMUR;53;5310;5310082;0;0;0;0;0;0
BAB_5_tabel_5_39_komoditas;[53] NUSA TENGGARA TIMUR;[5310] SIKKA;3128;[5310] SIKKA;53;5310;5310999;0;0;0;0;0;0
BAB_5_tabel_5_39_komoditas;[53] NUSA TENGGARA TIMUR;[5310] SIKKA;3129;[5310010] PAGA;53;5310;5310010;0;0;0;0;0;0
BAB_5_tabel_5_39_komoditas;[53] NUSA TENGGARA TIMUR;[5310] SIKKA;3129;[5310011] MEGO;53;5310;5310011;0;0;0;0;0;0
BAB_5_tabel_5_39_komoditas;[53] NUSA TENGGARA TIMUR;[5310] SIKKA;3129;[5310012] TANA WAWO;53;5310;5310012;0;0;0;0;0;0
BAB_5_tabel_5_39_komoditas;[53] NUSA TENGGARA TIMUR;[5310] SIKKA;3129;[5310020] LELA;53;5310;5310020;0;0;0;0;0;0
BAB_5_tabel_5_39_komoditas;[53] NUSA TENGGARA TIMUR;[5310] SIKKA;3129;[5310030] BOLA;53;5310;5310030;0;0;0;0;0;0
BAB_5_tabel_5_39_komoditas;[53] NUSA TENGGARA TIMUR;[5310] SIKKA;3129;[5310031] DORENG;53;5310;5310031;0;0;0;0;0;0
BAB_5_tabel_5_39_komoditas;[53] NUSA TENGGARA TIMUR;[5310] SIKKA;3129;[5310032] MAPITARA;53;5310;5310032;0;0;0;0;0;0
BAB_5_tabel_5_39_komoditas;[53] NUSA TENGGARA TIMUR;[5310] SIKKA;3129;[5310040] TALIBURA;53;5310;5310040;0;0;0;0;0;0
BAB_5_tabel_5_39_komoditas;[53] NUSA TENGGARA TIMUR;[5310] SIKKA;3129;[5310041] WAIGETE;53;5310;5310041;0;0;0;0;0;0
BAB_5_tabel_5_39_komoditas;[53] NUSA TENGGARA TIMUR;[5310] SIKKA;3129;[5310042] WAIBLAMA;53;5310;5310042;0;0;0;0;0;0
BAB_5_tabel_5_39_komoditas;[53] NUSA TENGGARA TIMUR;[5310] SIKKA;3129;[5310050] KEWAPANTE;53;5310;5310050;0;0;0;0;0;0
BAB_5_tabel_5_39_komoditas;[53] NUSA TENGGARA TIMUR;[5310] SIKKA;3129;[5310051] HEWOKLOANG;53;5310;5310051;0;0;0;0;0;0
BAB_5_tabel_5_39_komoditas;[53] NUSA TENGGARA TIMUR;[5310] SIKKA;3129;[5310052] KANGAE;53;5310;5310052;0;0;0;0;0;0
BAB_5_tabel_5_39_komoditas;[53] NUSA TENGGARA TIMUR;[5310] SIKKA;3129;[5310061] PALUE;53;5310;5310061;0;0;0;0;0;0
BAB_5_tabel_5_39_komoditas;[53] NUSA TENGGARA TIMUR;[5310] SIKKA;3129;[5310062] KOTING;53;5310;5310062;0;0;0;0;0;0
BAB_5_tabel_5_39_komoditas;[53] NUSA TENGGARA TIMUR;[5310] SIKKA;3129;[5310063] NELLE;53;5310;5310063;0;0;0;0;0;0
BAB_5_tabel_5_39_komoditas;[53] NUSA TENGGARA TIMUR;[5310] SIKKA;3129;[5310070] NITA;53;5310;5310070;0;0;0;0;0;0
BAB_5_tabel_5_39_komoditas;[53] NUSA TENGGARA TIMUR;[5310] SIKKA;3129;[5310071] MAGEPANDA;53;5310;5310071;0;0;0;0;0;0
BAB_5_tabel_5_39_komoditas;[53] NUSA TENGGARA TIMUR;[5310] SIKKA;3129;[5310080] ALOK;53;5310;5310080;0;0;0;0;0;0
BAB_5_tabel_5_39_komoditas;[53] NUSA TENGGARA TIMUR;[5310] SIKKA;3129;[5310081] ALOK BARAT;53;5310;5310081;0;0;0;0;0;0
BAB_5_tabel_5_39_komoditas;[53] NUSA TENGGARA TIMUR;[5310] SIKKA;3129;[5310082] ALOK TIMUR;53;5310;5310082;0;0;0;0;0;0
BAB_5_tabel_5_39_komoditas;[53] NUSA TENGGARA TIMUR;[5310] SIKKA;3129;[5310] SIKKA;53;5310;5310999;0;0;0;0;0;0
BAB_5_tabel_5_39_komoditas;[53] NUSA TENGGARA TIMUR;[5310] SIKKA;3130;[5310010] PAGA;53;5310;5310010;0;0;0;0;0;0
BAB_5_tabel_5_39_komoditas;[53] NUSA TENGGARA TIMUR;[5310] SIKKA;3130;[5310011] MEGO;53;5310;5310011;0;0;0;0;0;0
BAB_5_tabel_5_39_komoditas;[53] NUSA TENGGARA TIMUR;[5310] SIKKA;3130;[5310012] TANA WAWO;53;5310;5310012;0;0;0;0;0;0
BAB_5_tabel_5_39_komoditas;[53] NUSA TENGGARA TIMUR;[5310] SIKKA;3130;[5310020] LELA;53;5310;5310020;0;0;0;0;0;0
BAB_5_tabel_5_39_komoditas;[53] NUSA TENGGARA TIMUR;[5310] SIKKA;3130;[5310030] BOLA;53;5310;5310030;0;0;0;0;0;0
BAB_5_tabel_5_39_komoditas;[53] NUSA TENGGARA TIMUR;[5310] SIKKA;3130;[5310031] DORENG;53;5310;5310031;0;0;0;0;0;0
BAB_5_tabel_5_39_komoditas;[53] NUSA TENGGARA TIMUR;[5310] SIKKA;3130;[5310032] MAPITARA;53;5310;5310032;0;0;0;0;0;0
BAB_5_tabel_5_39_komoditas;[53] NUSA TENGGARA TIMUR;[5310] SIKKA;3130;[5310040] TALIBURA;53;5310;5310040;0;0;0;0;0;0
BAB_5_tabel_5_39_komoditas;[53] NUSA TENGGARA TIMUR;[5310] SIKKA;3130;[5310041] WAIGETE;53;5310;5310041;0;0;0;0;0;0
BAB_5_tabel_5_39_komoditas;[53] NUSA TENGGARA TIMUR;[5310] SIKKA;3130;[5310042] WAIBLAMA;53;5310;5310042;0;0;0;0;0;0
BAB_5_tabel_5_39_komoditas;[53] NUSA TENGGARA TIMUR;[5310] SIKKA;3130;[5310050] KEWAPANTE;53;5310;5310050;0;0;0;0;0;0
BAB_5_tabel_5_39_komoditas;[53] NUSA TENGGARA TIMUR;[5310] SIKKA;3130;[5310051] HEWOKLOANG;53;5310;5310051;0;0;0;0;0;0
BAB_5_tabel_5_39_komoditas;[53] NUSA TENGGARA TIMUR;[5310] SIKKA;3130;[5310052] KANGAE;53;5310;5310052;0;0;0;0;0;0
BAB_5_tabel_5_39_komoditas;[53] NUSA TENGGARA TIMUR;[5310] SIKKA;3130;[5310061] PALUE;53;5310;5310061;0;0;0;0;0;0
BAB_5_tabel_5_39_komoditas;[53] NUSA TENGGARA TIMUR;[5310] SIKKA;3130;[5310062] KOTING;53;5310;5310062;0;0;0;0;0;0
BAB_5_tabel_5_39_komoditas;[53] NUSA TENGGARA TIMUR;[5310] SIKKA;3130;[5310063] NELLE;53;5310;5310063;0;0;0;0;0;0
BAB_5_tabel_5_39_komoditas;[53] NUSA TENGGARA TIMUR;[5310] SIKKA;3130;[5310070] NITA;53;5310;5310070;0;0;0;0;0;0
BAB_5_tabel_5_39_komoditas;[53] NUSA TENGGARA TIMUR;[5310] SIKKA;3130;[5310071] MAGEPANDA;53;5310;5310071;0;0;0;0;0;0
BAB_5_tabel_5_39_komoditas;[53] NUSA TENGGARA TIMUR;[5310] SIKKA;3130;[5310080] ALOK;53;5310;5310080;0;0;0;0;0;0
BAB_5_tabel_5_39_komoditas;[53] NUSA TENGGARA TIMUR;[5310] SIKKA;3130;[5310081] ALOK BARAT;53;5310;5310081;0;0;0;0;0;0
BAB_5_tabel_5_39_komoditas;[53] NUSA TENGGARA TIMUR;[5310] SIKKA;3130;[5310082] ALOK TIMUR;53;5310;5310082;0;0;0;0;0;0
BAB_5_tabel_5_39_komoditas;[53] NUSA TENGGARA TIMUR;[5310] SIKKA;3130;[5310] SIKKA;53;5310;5310999;0;0;0;0;0;0
BAB_5_tabel_5_39_komoditas;[53] NUSA TENGGARA TIMUR;[5310] SIKKA;3131;[5310010] PAGA;53;5310;5310010;0;0;0;0;0;0
BAB_5_tabel_5_39_komoditas;[53] NUSA TENGGARA TIMUR;[5310] SIKKA;3131;[5310011] MEGO;53;5310;5310011;0;0;0;0;0;0
BAB_5_tabel_5_39_komoditas;[53] NUSA TENGGARA TIMUR;[5310] SIKKA;3131;[5310012] TANA WAWO;53;5310;5310012;0;0;0;0;0;0
BAB_5_tabel_5_39_komoditas;[53] NUSA TENGGARA TIMUR;[5310] SIKKA;3131;[5310020] LELA;53;5310;5310020;0;0;0;0;0;0
BAB_5_tabel_5_39_komoditas;[53] NUSA TENGGARA TIMUR;[5310] SIKKA;3131;[5310030] BOLA;53;5310;5310030;0;0;0;0;0;0
BAB_5_tabel_5_39_komoditas;[53] NUSA TENGGARA TIMUR;[5310] SIKKA;3131;[5310031] DORENG;53;5310;5310031;0;0;0;0;0;0
BAB_5_tabel_5_39_komoditas;[53] NUSA TENGGARA TIMUR;[5310] SIKKA;3131;[5310032] MAPITARA;53;5310;5310032;0;0;0;0;0;0
BAB_5_tabel_5_39_komoditas;[53] NUSA TENGGARA TIMUR;[5310] SIKKA;3131;[5310040] TALIBURA;53;5310;5310040;0;0;0;0;0;0
BAB_5_tabel_5_39_komoditas;[53] NUSA TENGGARA TIMUR;[5310] SIKKA;3131;[5310041] WAIGETE;53;5310;5310041;0;0;0;0;0;0
BAB_5_tabel_5_39_komoditas;[53] NUSA TENGGARA TIMUR;[5310] SIKKA;3131;[5310042] WAIBLAMA;53;5310;5310042;0;0;0;0;0;0
BAB_5_tabel_5_39_komoditas;[53] NUSA TENGGARA TIMUR;[5310] SIKKA;3131;[5310050] KEWAPANTE;53;5310;5310050;0;0;0;0;0;0
BAB_5_tabel_5_39_komoditas;[53] NUSA TENGGARA TIMUR;[5310] SIKKA;3131;[5310051] HEWOKLOANG;53;5310;5310051;0;0;0;0;0;0
BAB_5_tabel_5_39_komoditas;[53] NUSA TENGGARA TIMUR;[5310] SIKKA;3131;[5310052] KANGAE;53;5310;5310052;0;0;0;0;0;0
BAB_5_tabel_5_39_komoditas;[53] NUSA TENGGARA TIMUR;[5310] SIKKA;3131;[5310061] PALUE;53;5310;5310061;0;0;0;0;0;0
BAB_5_tabel_5_39_komoditas;[53] NUSA TENGGARA TIMUR;[5310] SIKKA;3131;[5310062] KOTING;53;5310;5310062;0;0;0;0;0;0
BAB_5_tabel_5_39_komoditas;[53] NUSA TENGGARA TIMUR;[5310] SIKKA;3131;[5310063] NELLE;53;5310;5310063;0;0;0;0;0;0
BAB_5_tabel_5_39_komoditas;[53] NUSA TENGGARA TIMUR;[5310] SIKKA;3131;[5310070] NITA;53;5310;5310070;0;0;0;0;0;0
BAB_5_tabel_5_39_komoditas;[53] NUSA TENGGARA TIMUR;[5310] SIKKA;3131;[5310071] MAGEPANDA;53;5310;5310071;0;0;0;0;0;0
BAB_5_tabel_5_39_komoditas;[53] NUSA TENGGARA TIMUR;[5310] SIKKA;3131;[5310080] ALOK;53;5310;5310080;0;0;0;0;0;0
BAB_5_tabel_5_39_komoditas;[53] NUSA TENGGARA TIMUR;[5310] SIKKA;3131;[5310081] ALOK BARAT;53;5310;5310081;0;0;0;0;0;0
BAB_5_tabel_5_39_komoditas;[53] NUSA TENGGARA TIMUR;[5310] SIKKA;3131;[5310082] ALOK TIMUR;53;5310;5310082;0;0;0;0;0;0
BAB_5_tabel_5_39_komoditas;[53] NUSA TENGGARA TIMUR;[5310] SIKKA;3131;[5310] SIKKA;53;5310;5310999;0;0;0;0;0;0
BAB_5_tabel_5_39_komoditas;[53] NUSA TENGGARA TIMUR;[5310] SIKKA;3132;[5310010] PAGA;53;5310;5310010;0;0;0;0;0;0
BAB_5_tabel_5_39_komoditas;[53] NUSA TENGGARA TIMUR;[5310] SIKKA;3132;[5310011] MEGO;53;5310;5310011;0;0;0;0;0;0
BAB_5_tabel_5_39_komoditas;[53] NUSA TENGGARA TIMUR;[5310] SIKKA;3132;[5310012] TANA WAWO;53;5310;5310012;0;0;0;0;0;0
BAB_5_tabel_5_39_komoditas;[53] NUSA TENGGARA TIMUR;[5310] SIKKA;3132;[5310020] LELA;53;5310;5310020;0;0;0;0;0;0
BAB_5_tabel_5_39_komoditas;[53] NUSA TENGGARA TIMUR;[5310] SIKKA;3132;[5310030] BOLA;53;5310;5310030;0;0;0;0;0;0
BAB_5_tabel_5_39_komoditas;[53] NUSA TENGGARA TIMUR;[5310] SIKKA;3132;[5310031] DORENG;53;5310;5310031;0;0;0;0;0;0
BAB_5_tabel_5_39_komoditas;[53] NUSA TENGGARA TIMUR;[5310] SIKKA;3132;[5310032] MAPITARA;53;5310;5310032;0;0;0;0;0;0
BAB_5_tabel_5_39_komoditas;[53] NUSA TENGGARA TIMUR;[5310] SIKKA;3132;[5310040] TALIBURA;53;5310;5310040;0;0;0;0;0;0
BAB_5_tabel_5_39_komoditas;[53] NUSA TENGGARA TIMUR;[5310] SIKKA;3132;[5310041] WAIGETE;53;5310;5310041;0;0;0;0;0;0
BAB_5_tabel_5_39_komoditas;[53] NUSA TENGGARA TIMUR;[5310] SIKKA;3132;[5310042] WAIBLAMA;53;5310;5310042;0;0;0;0;0;0
BAB_5_tabel_5_39_komoditas;[53] NUSA TENGGARA TIMUR;[5310] SIKKA;3132;[5310050] KEWAPANTE;53;5310;5310050;0;0;0;0;0;0
BAB_5_tabel_5_39_komoditas;[53] NUSA TENGGARA TIMUR;[5310] SIKKA;3132;[5310051] HEWOKLOANG;53;5310;5310051;0;0;0;0;0;0
BAB_5_tabel_5_39_komoditas;[53] NUSA TENGGARA TIMUR;[5310] SIKKA;3132;[5310052] KANGAE;53;5310;5310052;0;0;0;0;0;0
BAB_5_tabel_5_39_komoditas;[53] NUSA TENGGARA TIMUR;[5310] SIKKA;3132;[5310061] PALUE;53;5310;5310061;0;0;0;0;0;0
BAB_5_tabel_5_39_komoditas;[53] NUSA TENGGARA TIMUR;[5310] SIKKA;3132;[5310062] KOTING;53;5310;5310062;0;0;0;0;0;0
BAB_5_tabel_5_39_komoditas;[53] NUSA TENGGARA TIMUR;[5310] SIKKA;3132;[5310063] NELLE;53;5310;5310063;0;0;0;0;0;0
BAB_5_tabel_5_39_komoditas;[53] NUSA TENGGARA TIMUR;[5310] SIKKA;3132;[5310070] NITA;53;5310;5310070;0;1;0;0;1;1
BAB_5_tabel_5_39_komoditas;[53] NUSA TENGGARA TIMUR;[5310] SIKKA;3132;[5310071] MAGEPANDA;53;5310;5310071;0;0;0;0;0;0
BAB_5_tabel_5_39_komoditas;[53] NUSA TENGGARA TIMUR;[5310] SIKKA;3132;[5310080] ALOK;53;5310;5310080;0;0;0;0;0;0
BAB_5_tabel_5_39_komoditas;[53] NUSA TENGGARA TIMUR;[5310] SIKKA;3132;[5310081] ALOK BARAT;53;5310;5310081;0;0;0;0;0;0
BAB_5_tabel_5_39_komoditas;[53] NUSA TENGGARA TIMUR;[5310] SIKKA;3132;[5310082] ALOK TIMUR;53;5310;5310082;0;0;0;0;0;0
BAB_5_tabel_5_39_komoditas;[53] NUSA TENGGARA TIMUR;[5310] SIKKA;3132;[5310] SIKKA;53;5310;5310999;0;1;0;0;1;1
BAB_5_tabel_5_39_komoditas;[53] NUSA TENGGARA TIMUR;[5310] SIKKA;3198;[5310010] PAGA;53;5310;5310010;0;0;0;0;0;0
BAB_5_tabel_5_39_komoditas;[53] NUSA TENGGARA TIMUR;[5310] SIKKA;3198;[5310011] MEGO;53;5310;5310011;0;0;0;0;0;0
BAB_5_tabel_5_39_komoditas;[53] NUSA TENGGARA TIMUR;[5310] SIKKA;3198;[5310012] TANA WAWO;53;5310;5310012;0;0;0;0;0;0
BAB_5_tabel_5_39_komoditas;[53] NUSA TENGGARA TIMUR;[5310] SIKKA;3198;[5310020] LELA;53;5310;5310020;0;0;0;0;0;0
BAB_5_tabel_5_39_komoditas;[53] NUSA TENGGARA TIMUR;[5310] SIKKA;3198;[5310030] BOLA;53;5310;5310030;0;0;0;0;0;0
BAB_5_tabel_5_39_komoditas;[53] NUSA TENGGARA TIMUR;[5310] SIKKA;3198;[5310031] DORENG;53;5310;5310031;0;0;0;0;0;0
BAB_5_tabel_5_39_komoditas;[53] NUSA TENGGARA TIMUR;[5310] SIKKA;3198;[5310032] MAPITARA;53;5310;5310032;0;0;0;0;0;0
BAB_5_tabel_5_39_komoditas;[53] NUSA TENGGARA TIMUR;[5310] SIKKA;3198;[5310040] TALIBURA;53;5310;5310040;0;0;0;0;0;0
BAB_5_tabel_5_39_komoditas;[53] NUSA TENGGARA TIMUR;[5310] SIKKA;3198;[5310041] WAIGETE;53;5310;5310041;0;0;0;0;0;0
BAB_5_tabel_5_39_komoditas;[53] NUSA TENGGARA TIMUR;[5310] SIKKA;3198;[5310042] WAIBLAMA;53;5310;5310042;0;0;0;0;0;0
BAB_5_tabel_5_39_komoditas;[53] NUSA TENGGARA TIMUR;[5310] SIKKA;3198;[5310050] KEWAPANTE;53;5310;5310050;0;0;0;0;0;0
BAB_5_tabel_5_39_komoditas;[53] NUSA TENGGARA TIMUR;[5310] SIKKA;3198;[5310051] HEWOKLOANG;53;5310;5310051;0;0;0;0;0;0
BAB_5_tabel_5_39_komoditas;[53] NUSA TENGGARA TIMUR;[5310] SIKKA;3198;[5310052] KANGAE;53;5310;5310052;0;0;0;0;0;0
BAB_5_tabel_5_39_komoditas;[53] NUSA TENGGARA TIMUR;[5310] SIKKA;3198;[5310061] PALUE;53;5310;5310061;0;0;0;0;0;0
BAB_5_tabel_5_39_komoditas;[53] NUSA TENGGARA TIMUR;[5310] SIKKA;3198;[5310062] KOTING;53;5310;5310062;0;0;0;0;0;0
BAB_5_tabel_5_39_komoditas;[53] NUSA TENGGARA TIMUR;[5310] SIKKA;3198;[5310063] NELLE;53;5310;5310063;0;0;0;0;0;0
BAB_5_tabel_5_39_komoditas;[53] NUSA TENGGARA TIMUR;[5310] SIKKA;3198;[5310070] NITA;53;5310;5310070;0;0;0;0;0;0
BAB_5_tabel_5_39_komoditas;[53] NUSA TENGGARA TIMUR;[5310] SIKKA;3198;[5310071] MAGEPANDA;53;5310;5310071;0;0;0;0;0;0
BAB_5_tabel_5_39_komoditas;[53] NUSA TENGGARA TIMUR;[5310] SIKKA;3198;[5310080] ALOK;53;5310;5310080;0;0;0;0;0;0
BAB_5_tabel_5_39_komoditas;[53] NUSA TENGGARA TIMUR;[5310] SIKKA;3198;[5310081] ALOK BARAT;53;5310;5310081;0;0;0;0;0;0
BAB_5_tabel_5_39_komoditas;[53] NUSA TENGGARA TIMUR;[5310] SIKKA;3198;[5310082] ALOK TIMUR;53;5310;5310082;0;0;0;0;0;0
BAB_5_tabel_5_39_komoditas;[53] NUSA TENGGARA TIMUR;[5310] SIKKA;3198;[5310] SIKKA;53;5310;5310999;0;0;0;0;0;0
BAB_5_tabel_5_39_komoditas;[53] NUSA TENGGARA TIMUR;[5310] SIKKA;3199;[5310010] PAGA;53;5310;5310010;0;0;0;0;0;0
BAB_5_tabel_5_39_komoditas;[53] NUSA TENGGARA TIMUR;[5310] SIKKA;3199;[5310011] MEGO;53;5310;5310011;0;0;0;0;0;0
BAB_5_tabel_5_39_komoditas;[53] NUSA TENGGARA TIMUR;[5310] SIKKA;3199;[5310012] TANA WAWO;53;5310;5310012;0;0;0;0;0;0
BAB_5_tabel_5_39_komoditas;[53] NUSA TENGGARA TIMUR;[5310] SIKKA;3199;[5310020] LELA;53;5310;5310020;0;0;0;0;0;0
BAB_5_tabel_5_39_komoditas;[53] NUSA TENGGARA TIMUR;[5310] SIKKA;3199;[5310030] BOLA;53;5310;5310030;0;0;0;0;0;0
BAB_5_tabel_5_39_komoditas;[53] NUSA TENGGARA TIMUR;[5310] SIKKA;3199;[5310031] DORENG;53;5310;5310031;0;0;0;0;0;0
BAB_5_tabel_5_39_komoditas;[53] NUSA TENGGARA TIMUR;[5310] SIKKA;3199;[5310032] MAPITARA;53;5310;5310032;0;0;0;0;0;0
BAB_5_tabel_5_39_komoditas;[53] NUSA TENGGARA TIMUR;[5310] SIKKA;3199;[5310040] TALIBURA;53;5310;5310040;0;0;0;0;0;0
BAB_5_tabel_5_39_komoditas;[53] NUSA TENGGARA TIMUR;[5310] SIKKA;3199;[5310041] WAIGETE;53;5310;5310041;0;0;0;0;0;0
BAB_5_tabel_5_39_komoditas;[53] NUSA TENGGARA TIMUR;[5310] SIKKA;3199;[5310042] WAIBLAMA;53;5310;5310042;0;0;0;0;0;0
BAB_5_tabel_5_39_komoditas;[53] NUSA TENGGARA TIMUR;[5310] SIKKA;3199;[5310050] KEWAPANTE;53;5310;5310050;0;0;0;0;0;0
BAB_5_tabel_5_39_komoditas;[53] NUSA TENGGARA TIMUR;[5310] SIKKA;3199;[5310051] HEWOKLOANG;53;5310;5310051;0;0;0;0;0;0
BAB_5_tabel_5_39_komoditas;[53] NUSA TENGGARA TIMUR;[5310] SIKKA;3199;[5310052] KANGAE;53;5310;5310052;0;0;0;0;0;0
BAB_5_tabel_5_39_komoditas;[53] NUSA TENGGARA TIMUR;[5310] SIKKA;3199;[5310061] PALUE;53;5310;5310061;0;0;0;0;0;0
BAB_5_tabel_5_39_komoditas;[53] NUSA TENGGARA TIMUR;[5310] SIKKA;3199;[5310062] KOTING;53;5310;5310062;0;0;0;0;0;0
BAB_5_tabel_5_39_komoditas;[53] NUSA TENGGARA TIMUR;[5310] SIKKA;3199;[5310063] NELLE;53;5310;5310063;0;0;0;0;0;0
BAB_5_tabel_5_39_komoditas;[53] NUSA TENGGARA TIMUR;[5310] SIKKA;3199;[5310070] NITA;53;5310;5310070;0;0;0;0;0;0
BAB_5_tabel_5_39_komoditas;[53] NUSA TENGGARA TIMUR;[5310] SIKKA;3199;[5310071] MAGEPANDA;53;5310;5310071;0;0;0;0;0;0
BAB_5_tabel_5_39_komoditas;[53] NUSA TENGGARA TIMUR;[5310] SIKKA;3199;[5310080] ALOK;53;5310;5310080;0;0;0;0;0;0
BAB_5_tabel_5_39_komoditas;[53] NUSA TENGGARA TIMUR;[5310] SIKKA;3199;[5310081] ALOK BARAT;53;5310;5310081;0;0;0;0;0;0
BAB_5_tabel_5_39_komoditas;[53] NUSA TENGGARA TIMUR;[5310] SIKKA;3199;[5310082] ALOK TIMUR;53;5310;5310082;0;0;0;0;0;0
BAB_5_tabel_5_39_komoditas;[53] NUSA TENGGARA TIMUR;[5310] SIKKA;3199;[5310] SIKKA;53;5310;5310999;0;0;0;0;0;0
