"id_prov";"id_kab";"id_kec";"prov";"kab";"kec";"n_utp_buah_alpukat_dipanen_sendiri";"n_utp_buah_alpukat_diijonkan";"n_utp_buah_alpukat_ditebaskan";"n_utp_buah_alpukat_tidak_panen";"n_utp_buah_alpukat_belum_panen";"n_utp_buah_anggur_dipanen_sendiri";"n_utp_buah_anggur_diijonkan";"n_utp_buah_anggur_ditebaskan";"n_utp_buah_anggur_tidak_panen";"n_utp_buah_anggur_belum_panen";"n_utp_buah_apel_dipanen_sendiri";"n_utp_buah_apel_diijonkan";"n_utp_buah_apel_ditebaskan";"n_utp_buah_apel_tidak_panen";"n_utp_buah_apel_belum_panen";"n_utp_buah_belimbing_dewa_dipanen_sendiri";"n_utp_buah_belimbing_dewa_diijonkan";"n_utp_buah_belimbing_dewa_ditebaskan";"n_utp_buah_belimbing_dewa_tidak_panen";"n_utp_buah_belimbing_dewa_belum_panen";"n_utp_buah_belimbing_demak_kunir_dipanen_sendiri";"n_utp_buah_belimbing_demak_kunir_diijonkan";"n_utp_buah_belimbing_demak_kunir_ditebaskan";"n_utp_buah_belimbing_demak_kunir_tidak_panen";"n_utp_buah_belimbing_demak_kunir_belum_panen";"n_utp_buah_belimbing_karang_sari_dipanen_sendiri";"n_utp_buah_belimbing_karang_sari_diijonkan";"n_utp_buah_belimbing_karang_sari_ditebaskan";"n_utp_buah_belimbing_karang_sari_tidak_panen";"n_utp_buah_belimbing_karang_sari_belum_panen";"n_utp_buah_belimbing_lainnya_dipanen_sendiri";"n_utp_buah_belimbing_lainnya_diijonkan";"n_utp_buah_belimbing_lainnya_ditebaskan";"n_utp_buah_belimbing_lainnya_tidak_panen";"n_utp_buah_belimbing_lainnya_belum_panen";"n_utp_buah_naga_dipanen_sendiri";"n_utp_buah_naga_diijonkan";"n_utp_buah_naga_ditebaskan";"n_utp_buah_naga_tidak_panen";"n_utp_buah_naga_belum_panen";"n_utp_buah_srikaya_dipanen_sendiri";"n_utp_buah_srikaya_diijonkan";"n_utp_buah_srikaya_ditebaskan";"n_utp_buah_srikaya_tidak_panen";"n_utp_buah_srikaya_belum_panen";"n_utp_buah_cempedak_dipanen_sendiri";"n_utp_buah_cempedak_diijonkan";"n_utp_buah_cempedak_ditebaskan";"n_utp_buah_cempedak_tidak_panen";"n_utp_buah_cempedak_belum_panen";"n_utp_buah_duku_dipanen_sendiri";"n_utp_buah_duku_diijonkan";"n_utp_buah_duku_ditebaskan";"n_utp_buah_duku_tidak_panen";"n_utp_buah_duku_belum_panen";"n_utp_buah_durian_monthong_dipanen_sendiri";"n_utp_buah_durian_monthong_diijonkan";"n_utp_buah_durian_monthong_ditebaskan";"n_utp_buah_durian_monthong_tidak_panen";"n_utp_buah_durian_monthong_belum_panen";"n_utp_buah_durian_lai_dipanen_sendiri";"n_utp_buah_durian_lai_diijonkan";"n_utp_buah_durian_lai_ditebaskan";"n_utp_buah_durian_lai_tidak_panen";"n_utp_buah_durian_lai_belum_panen";"n_utp_buah_durian_lainnya_dipanen_sendiri";"n_utp_buah_durian_lainnya_diijonkan";"n_utp_buah_durian_lainnya_ditebaskan";"n_utp_buah_durian_lainnya_tidak_panen";"n_utp_buah_durian_lainnya_belum_panen";"n_utp_buah_duwet_dipanen_sendiri";"n_utp_buah_duwet_diijonkan";"n_utp_buah_duwet_ditebaskan";"n_utp_buah_duwet_tidak_panen";"n_utp_buah_duwet_belum_panen";"n_utp_buah_jambu_air_dipanen_sendiri";"n_utp_buah_jambu_air_diijonkan";"n_utp_buah_jambu_air_ditebaskan";"n_utp_buah_jambu_air_tidak_panen";"n_utp_buah_jambu_air_belum_panen";"n_utp_buah_jambu_air_citra_dipanen_sendiri";"n_utp_buah_jambu_air_citra_diijonkan";"n_utp_buah_jambu_air_citra_ditebaskan";"n_utp_buah_jambu_air_citra_tidak_panen";"n_utp_buah_jambu_air_citra_belum_panen";"n_utp_buah_jambu_air_dalhari_dipanen_sendiri";"n_utp_buah_jambu_air_dalhari_diijonkan";"n_utp_buah_jambu_air_dalhari_ditebaskan";"n_utp_buah_jambu_air_dalhari_tidak_panen";"n_utp_buah_jambu_air_dalhari_belum_panen";"n_utp_buah_jambu_air_camplong_dipanen_sendiri";"n_utp_buah_jambu_air_camplong_diijonkan";"n_utp_buah_jambu_air_camplong_ditebaskan";"n_utp_buah_jambu_air_camplong_tidak_panen";"n_utp_buah_jambu_air_camplong_belum_panen";"n_utp_buah_jambu_biji_dipanen_sendiri";"n_utp_buah_jambu_biji_diijonkan";"n_utp_buah_jambu_biji_ditebaskan";"n_utp_buah_jambu_biji_tidak_panen";"n_utp_buah_jambu_biji_belum_panen";"n_utp_buah_jambu_biji_putih_dipanen_sendiri";"n_utp_buah_jambu_biji_putih_diijonkan";"n_utp_buah_jambu_biji_putih_ditebaskan";"n_utp_buah_jambu_biji_putih_tidak_panen";"n_utp_buah_jambu_biji_putih_belum_panen";"n_utp_buah_jambu_biji_merah_dipanen_sendiri";"n_utp_buah_jambu_biji_merah_diijonkan";"n_utp_buah_jambu_biji_merah_ditebaskan";"n_utp_buah_jambu_biji_merah_tidak_panen";"n_utp_buah_jambu_biji_merah_belum_panen";"n_utp_buah_jambu_bol_dipanen_sendiri";"n_utp_buah_jambu_bol_diijonkan";"n_utp_buah_jambu_bol_ditebaskan";"n_utp_buah_jambu_bol_tidak_panen";"n_utp_buah_jambu_bol_belum_panen";"n_utp_buah_jeruk_siam_dipanen_sendiri";"n_utp_buah_jeruk_siam_diijonkan";"n_utp_buah_jeruk_siam_ditebaskan";"n_utp_buah_jeruk_siam_tidak_panen";"n_utp_buah_jeruk_siam_belum_panen";"n_utp_buah_jeruk_keprok_dipanen_sendiri";"n_utp_buah_jeruk_keprok_diijonkan";"n_utp_buah_jeruk_keprok_ditebaskan";"n_utp_buah_jeruk_keprok_tidak_panen";"n_utp_buah_jeruk_keprok_belum_panen";"n_utp_buah_jeruk_besar_dipanen_sendiri";"n_utp_buah_jeruk_besar_diijonkan";"n_utp_buah_jeruk_besar_ditebaskan";"n_utp_buah_jeruk_besar_tidak_panen";"n_utp_buah_jeruk_besar_belum_panen";"n_utp_buah_jeruk_manis_dipanen_sendiri";"n_utp_buah_jeruk_manis_diijonkan";"n_utp_buah_jeruk_manis_ditebaskan";"n_utp_buah_jeruk_manis_belum_panen";"n_utp_buah_jeruk_lainnya_dipanen_sendiri";"n_utp_buah_jeruk_lainnya_diijonkan";"n_utp_buah_jeruk_lainnya_ditebaskan";"n_utp_buah_jeruk_lainnya_tidak_panen";"n_utp_buah_jeruk_lainnya_belum_panen";"n_utp_buah_kedondong_dipanen_sendiri";"n_utp_buah_kedondong_diijonkan";"n_utp_buah_kedondong_ditebaskan";"n_utp_buah_kedondong_tidak_panen";"n_utp_buah_kedondong_belum_panen";"n_utp_buah_kesemek_dipanen_sendiri";"n_utp_buah_kesemek_diijonkan";"n_utp_buah_kesemek_ditebaskan";"n_utp_buah_kesemek_tidak_panen";"n_utp_buah_kesemek_belum_panen";"n_utp_buah_langsa_dipanen_sendiri";"n_utp_buah_langsa_diijonkan";"n_utp_buah_langsa_ditebaskan";"n_utp_buah_langsa_tidak_panen";"n_utp_buah_langsa_belum_panen";"n_utp_buah_lengkeng_dipanen_sendiri";"n_utp_buah_lengkeng_diijonkan";"n_utp_buah_lengkeng_ditebaskan";"n_utp_buah_lengkeng_tidak_panen";"n_utp_buah_lengkeng_belum_panen";"n_utp_buah_mangga_arumanis_dipanen_sendiri";"n_utp_buah_mangga_arumanis_diijonkan";"n_utp_buah_mangga_arumanis_ditebaskan";"n_utp_buah_mangga_arumanis_tidak_panen";"n_utp_buah_mangga_arumanis_belum_panen";"n_utp_buah_mangga_cengkir_dipanen_sendiri";"n_utp_buah_mangga_cengkir_diijonkan";"n_utp_buah_mangga_cengkir_ditebaskan";"n_utp_buah_mangga_cengkir_tidak_panen";"n_utp_buah_mangga_cengkir_belum_panen";"n_utp_buah_mangga_gedong_gincu_dipanen_sendiri";"n_utp_buah_mangga_gedong_gincu_diijonkan";"n_utp_buah_mangga_gedong_gincu_ditebaskan";"n_utp_buah_mangga_gedong_gincu_tidak_panen";"n_utp_buah_mangga_gedong_gincu_belum_panen";"n_utp_buah_mangga_gedong_dipanen_sendiri";"n_utp_buah_mangga_gedong_diijonkan";"n_utp_buah_mangga_gedong_ditebaskan";"n_utp_buah_mangga_gedong_tidak_panen";"n_utp_buah_mangga_gedong_belum_panen";"n_utp_buah_mangga_kweni_dipanen_sendiri";"n_utp_buah_mangga_kweni_diijonkan";"n_utp_buah_mangga_kweni_ditebaskan";"n_utp_buah_mangga_kweni_tidak_panen";"n_utp_buah_mangga_kweni_belum_panen";"n_utp_buah_mangga_manalagi_dipanen_sendiri";"n_utp_buah_mangga_manalagi_diijonkan";"n_utp_buah_mangga_manalagi_ditebaskan";"n_utp_buah_mangga_manalagi_tidak_panen";"n_utp_buah_mangga_manalagi_belum_panen";"n_utp_buah_mangga_lainnya_dipanen_sendiri";"n_utp_buah_mangga_lainnya_diijonkan";"n_utp_buah_mangga_lainnya_ditebaskan";"n_utp_buah_mangga_lainnya_tidak_panen";"n_utp_buah_mangga_lainnya_belum_panen";"n_utp_buah_manggis_dipanen_sendiri";"n_utp_buah_manggis_diijonkan";"n_utp_buah_manggis_ditebaskan";"n_utp_buah_manggis_tidak_panen";"n_utp_buah_manggis_belum_panen";"n_utp_buah_markisa_konyal_dipanen_sendiri";"n_utp_buah_markisa_konyal_diijonkan";"n_utp_buah_markisa_konyal_ditebaskan";"n_utp_buah_markisa_konyal_tidak_panen";"n_utp_buah_markisa_konyal_belum_panen";"n_utp_buah_markisa_siuh_dipanen_sendiri";"n_utp_buah_markisa_siuh_diijonkan";"n_utp_buah_markisa_siuh_ditebaskan";"n_utp_buah_markisa_siuh_tidak_panen";"n_utp_buah_markisa_siuh_belum_panen";"n_utp_buah_markisa_lainnya_dipanen_sendiri";"n_utp_buah_markisa_lainnya_diijonkan";"n_utp_buah_markisa_lainnya_ditebaskan";"n_utp_buah_markisa_lainnya_tidak_panen";"n_utp_buah_markisa_lainnya_belum_panen";"n_utp_buah_matoa_buah_dipanen_sendiri";"n_utp_buah_matoa_buah_diijonkan";"n_utp_buah_matoa_buah_ditebaskan";"n_utp_buah_matoa_buah_tidak_panen";"n_utp_buah_matoa_buah_belum_panen";"n_utp_buah_nangka_dipanen_sendiri";"n_utp_buah_nangka_diijonkan";"n_utp_buah_nangka_ditebaskan";"n_utp_buah_nangka_tidak_panen";"n_utp_buah_nangka_belum_panen";"n_utp_buah_nenas_queen_dipanen_sendiri";"n_utp_buah_nenas_queen_diijonkan";"n_utp_buah_nenas_queen_ditebaskan";"n_utp_buah_nenas_queen_tidak_panen";"n_utp_buah_nenas_queen_belum_panen";"n_utp_buah_nenas_smooth_cayenne_dipanen_sendiri";"n_utp_buah_nenas_smooth_cayenne_diijonkan";"n_utp_buah_nenas_smooth_cayenne_ditebaskan";"n_utp_buah_nenas_smooth_cayenne_tidak_panen";"n_utp_buah_nenas_smooth_cayenne_belum_panen";"n_utp_buah_nenas_lainnya_dipanen_sendiri";"n_utp_buah_nenas_lainnya_diijonkan";"n_utp_buah_nenas_lainnya_ditebaskan";"n_utp_buah_nenas_lainnya_tidak_panen";"n_utp_buah_nenas_lainnya_belum_panen";"n_utp_buah_pepaya_besar_dampit_dipanen_sendiri";"n_utp_buah_pepaya_besar_dampit_diijonkan";"n_utp_buah_pepaya_besar_dampit_ditebaskan";"n_utp_buah_pepaya_besar_dampit_tidak_panen";"n_utp_buah_pepaya_besar_dampit_belum_panen";"n_utp_buah_pepaya_sedang_calin_dipanen_sendiri";"n_utp_buah_pepaya_sedang_calin_diijonkan";"n_utp_buah_pepaya_sedang_calin_ditebaskan";"n_utp_buah_pepaya_sedang_calin_tidak_panen";"n_utp_buah_pepaya_sedang_calin_belum_panen";"n_utp_buah_pepaya_kecil_hawaii_dipanen_sendiri";"n_utp_buah_pepaya_kecil_hawaii_diijonkan";"n_utp_buah_pepaya_kecil_hawaii_ditebaskan";"n_utp_buah_pepaya_kecil_hawaii_tidak_panen";"n_utp_buah_pepaya_kecil_hawaii_belum_panen";"n_utp_buah_pepaya_lainnya_dipanen_sendiri";"n_utp_buah_pepaya_lainnya_diijonkan";"n_utp_buah_pepaya_lainnya_ditebaskan";"n_utp_buah_pepaya_lainnya_tidak_panen";"n_utp_buah_pepaya_lainnya_belum_panen";"n_utp_buah_pisang_mas_lampung_dipanen_sendiri";"n_utp_buah_pisang_mas_lampung_diijonkan";"n_utp_buah_pisang_mas_lampung_ditebaskan";"n_utp_buah_pisang_mas_lampung_tidak_panen";"n_utp_buah_pisang_mas_lampung_belum_panen";"n_utp_buah_pisang_ambon_dipanen_sendiri";"n_utp_buah_pisang_ambon_diijonkan";"n_utp_buah_pisang_ambon_ditebaskan";"n_utp_buah_pisang_ambon_tidak_panen";"n_utp_buah_pisang_ambon_belum_panen";"n_utp_buah_pisang_kepok_dipanen_sendiri";"n_utp_buah_pisang_kepok_diijonkan";"n_utp_buah_pisang_kepok_ditebaskan";"n_utp_buah_pisang_kepok_tidak_panen";"n_utp_buah_pisang_kepok_belum_panen";"n_utp_buah_pisang_raja_dipanen_sendiri";"n_utp_buah_pisang_raja_diijonkan";"n_utp_buah_pisang_raja_ditebaskan";"n_utp_buah_pisang_raja_tidak_panen";"n_utp_buah_pisang_raja_belum_panen";"n_utp_buah_pisang_lainnya_dipanen_sendiri";"n_utp_buah_pisang_lainnya_diijonkan";"n_utp_buah_pisang_lainnya_ditebaskan";"n_utp_buah_pisang_lainnya_tidak_panen";"n_utp_buah_pisang_lainnya_belum_panen";"n_utp_buah_rambutan_binjai_dipanen_sendiri";"n_utp_buah_rambutan_binjai_diijonkan";"n_utp_buah_rambutan_binjai_ditebaskan";"n_utp_buah_rambutan_binjai_tidak_panen";"n_utp_buah_rambutan_binjai_belum_panen";"n_utp_buah_rambutan_rapiah_dipanen_sendiri";"n_utp_buah_rambutan_rapiah_diijonkan";"n_utp_buah_rambutan_rapiah_ditebaskan";"n_utp_buah_rambutan_rapiah_tidak_panen";"n_utp_buah_rambutan_rapiah_belum_panen";"n_utp_buah_rambutan_lainnya_dipanen_sendiri";"n_utp_buah_rambutan_lainnya_diijonkan";"n_utp_buah_rambutan_lainnya_ditebaskan";"n_utp_buah_rambutan_lainnya_tidak_panen";"n_utp_buah_rambutan_lainnya_belum_panen";"n_utp_buah_salak_pondoh_dipanen_sendiri";"n_utp_buah_salak_pondoh_diijonkan";"n_utp_buah_salak_pondoh_ditebaskan";"n_utp_buah_salak_pondoh_tidak_panen";"n_utp_buah_salak_pondoh_belum_panen";"n_utp_buah_salak_gula_pasir_dipanen_sendiri";"n_utp_buah_salak_gula_pasir_diijonkan";"n_utp_buah_salak_gula_pasir_ditebaskan";"n_utp_buah_salak_gula_pasir_tidak_panen";"n_utp_buah_salak_gula_pasir_belum_panen";"n_utp_buah_salak_lainnya_dipanen_sendiri";"n_utp_buah_salak_lainnya_diijonkan";"n_utp_buah_salak_lainnya_ditebaskan";"n_utp_buah_salak_lainnya_tidak_panen";"n_utp_buah_salak_lainnya_belum_panen";"n_utp_buah_sawo_dipanen_sendiri";"n_utp_buah_sawo_diijonkan";"n_utp_buah_sawo_ditebaskan";"n_utp_buah_sawo_tidak_panen";"n_utp_buah_sawo_belum_panen";"n_utp_buah_sirsak_dipanen_sendiri";"n_utp_buah_sirsak_diijonkan";"n_utp_buah_sirsak_ditebaskan";"n_utp_buah_sirsak_tidak_panen";"n_utp_buah_sirsak_belum_panen";"n_utp_buah_sukun_dipanen_sendiri";"n_utp_buah_sukun_diijonkan";"n_utp_buah_sukun_ditebaskan";"n_utp_buah_sukun_tidak_panen";"n_utp_buah_sukun_belum_panen";"n_utp_buah_terong_brastagi_dipanen_sendiri";"n_utp_buah_terong_brastagi_diijonkan";"n_utp_buah_terong_brastagi_ditebaskan";"n_utp_buah_terong_brastagi_tidak_panen";"n_utp_buah_terong_brastagi_belum_panen";"n_utp_buah_buahan_lainnya_dipanen_sendiri";"n_utp_buah_buahan_lainnya_diijonkan";"n_utp_buah_buahan_lainnya_ditebaskan";"n_utp_buah_buahan_lainnya_tidak_panen";"n_utp_buah_buahan_lainnya_belum_panen";"n_utp_buah_belimbing_gabung_dipanen_sendiri";"n_utp_buah_belimbing_gabung_diijonkan";"n_utp_buah_belimbing_gabung_ditebaskan";"n_utp_buah_belimbing_gabung_tidak_panen";"n_utp_buah_belimbing_gabung_belum_panen";"n_utp_buah_durian_gabung_dipanen_sendiri";"n_utp_buah_durian_gabung_diijonkan";"n_utp_buah_durian_gabung_ditebaskan";"n_utp_buah_durian_gabung_tidak_panen";"n_utp_buah_durian_gabung_belum_panen";"n_utp_buah_jambu_air_gabung_dipanen_sendiri";"n_utp_buah_jambu_air_gabung_diijonkan";"n_utp_buah_jambu_air_gabung_ditebaskan";"n_utp_buah_jambu_air_gabung_tidak_panen";"n_utp_buah_jambu_air_gabung_belum_panen";"n_utp_buah_jambu_biji_gabung_dipanen_sendiri";"n_utp_buah_jambu_biji_gabung_diijonkan";"n_utp_buah_jambu_biji_gabung_ditebaskan";"n_utp_buah_jambu_biji_gabung_tidak_panen";"n_utp_buah_jambu_biji_gabung_belum_panen";"n_utp_buah_jeruk_gabung_dipanen_sendiri";"n_utp_buah_jeruk_gabung_diijonkan";"n_utp_buah_jeruk_gabung_ditebaskan";"n_utp_buah_jeruk_gabung_tidak_panen";"n_utp_buah_jeruk_gabung_belum_panen";"n_utp_buah_mangga_gabung_dipanen_sendiri";"n_utp_buah_mangga_gabung_diijonkan";"n_utp_buah_mangga_gabung_ditebaskan";"n_utp_buah_mangga_gabung_tidak_panen";"n_utp_buah_mangga_gabung_belum_panen";"n_utp_buah_markisa_gabung_dipanen_sendiri";"n_utp_buah_markisa_gabung_diijonkan";"n_utp_buah_markisa_gabung_ditebaskan";"n_utp_buah_markisa_gabung_tidak_panen";"n_utp_buah_markisa_gabung_belum_panen";"n_utp_buah_nenas_gabung_dipanen_sendiri";"n_utp_buah_nenas_gabung_diijonkan";"n_utp_buah_nenas_gabung_ditebaskan";"n_utp_buah_nenas_gabung_tidak_panen";"n_utp_buah_nenas_gabung_belum_panen";"n_utp_buah_pepaya_gabung_dipanen_sendiri";"n_utp_buah_pepaya_gabung_diijonkan";"n_utp_buah_pepaya_gabung_ditebaskan";"n_utp_buah_pepaya_gabung_tidak_panen";"n_utp_buah_pepaya_gabung_belum_panen";"n_utp_buah_pisang_gabung_dipanen_sendiri";"n_utp_buah_pisang_gabung_diijonkan";"n_utp_buah_pisang_gabung_ditebaskan";"n_utp_buah_pisang_gabung_tidak_panen";"n_utp_buah_pisang_gabung_belum_panen";"n_utp_buah_rambutan_gabung_dipanen_sendiri";"n_utp_buah_rambutan_gabung_diijonkan";"n_utp_buah_rambutan_gabung_ditebaskan";"n_utp_buah_rambutan_gabung_tidak_panen";"n_utp_buah_rambutan_gabung_belum_panen";"n_utp_buah_salak_gabung_dipanen_sendiri";"n_utp_buah_salak_gabung_diijonkan";"n_utp_buah_salak_gabung_ditebaskan";"n_utp_buah_salak_gabung_tidak_panen";"n_utp_buah_salak_gabung_belum_panen"
"[53] NUSA TENGGARA TIMUR";"[5310] SIKKA";"[5310010] PAGA";"53";"5310";"5310010";"3";"0";"3";"0";"3";"0";"0";"0";"0";"0";"0";"0";"0";"0";"0";"0";"0";"0";"0";"0";"0";"0";"0";"0";"0";"0";"0";"0";"0";"0";"0";"0";"0";"0";"0";"5";"0";"0";"0";"0";"0";"0";"0";"0";"0";"0";"0";"0";"0";"0";"0";"0";"0";"0";"0";"0";"0";"0";"0";"0";"0";"0";"0";"0";"0";"0";"0";"0";"0";"0";"0";"0";"0";"0";"0";"0";"0";"0";"0";"0";"0";"0";"0";"0";"0";"0";"0";"0";"0";"0";"0";"0";"0";"0";"0";"0";"0";"0";"0";"0";"0";"0";"0";"0";"0";"0";"0";"0";"0";"0";"0";"0";"0";"0";"0";"0";"0";"0";"0";"0";"0";"0";"0";"0";"0";"0";"0";"0";"0";"0";"0";"0";"0";"0";"0";"0";"0";"0";"0";"0";"0";"0";"0";"0";"0";"0";"0";"0";"0";"0";"0";"0";"0";"0";"0";"0";"0";"0";"0";"4";"0";"1";"0";"0";"0";"0";"0";"0";"0";"0";"0";"0";"0";"0";"0";"0";"0";"0";"0";"0";"0";"0";"0";"0";"0";"0";"0";"0";"0";"0";"0";"1";"1";"0";"0";"0";"0";"0";"0";"0";"0";"0";"0";"0";"0";"0";"0";"0";"0";"0";"0";"0";"0";"0";"0";"0";"0";"0";"0";"0";"0";"0";"0";"0";"1";"0";"0";"0";"0";"0";"0";"0";"0";"0";"0";"0";"0";"0";"0";"1";"0";"0";"0";"0";"0";"0";"0";"0";"0";"0";"0";"0";"0";"0";"0";"0";"0";"0";"0";"0";"0";"0";"0";"0";"0";"0";"0";"0";"0";"338";"0";"81";"11";"10";"1";"0";"0";"0";"0";"12";"0";"12";"0";"1";"0";"0";"0";"0";"0";"0";"0";"0";"0";"0";"1";"0";"0";"0";"0";"0";"0";"0";"0";"0";"0";"0";"0";"0";"0";"0";"0";"0";"0";"0";"1";"0";"0";"0";"0";"0";"0";"0";"0";"0";"0";"0";"0";"0";"0";"0";"0";"0";"0";"0";"0";"0";"0";"0";"0";"0";"0";"0";"0";"0";"0";"0";"0";"0";"0";"0";"0";"0";"0";"0";"0";"0";"0";"0";"0";"0";"0";"0";"0";"0";"4";"0";"2";"1";"0";"0";"0";"0";"0";"0";"1";"0";"0";"0";"0";"1";"0";"0";"0";"0";"350";"0";"93";"11";"11";"1";"0";"0";"0";"0";"0";"0";"0";"0";"0"
"[53] NUSA TENGGARA TIMUR";"[5310] SIKKA";"[5310011] MEGO";"53";"5310";"5310011";"39";"5";"0";"0";"1";"0";"0";"0";"0";"0";"0";"0";"0";"0";"0";"0";"0";"0";"0";"0";"0";"0";"0";"0";"0";"0";"0";"0";"0";"0";"0";"0";"0";"0";"0";"0";"0";"0";"0";"0";"0";"0";"0";"0";"0";"0";"0";"0";"0";"0";"0";"0";"0";"0";"0";"0";"0";"0";"0";"0";"1";"0";"0";"0";"0";"0";"0";"0";"0";"0";"2";"0";"0";"0";"0";"0";"0";"0";"0";"0";"0";"0";"0";"0";"0";"0";"0";"0";"0";"0";"0";"0";"0";"0";"0";"0";"0";"0";"0";"0";"0";"0";"0";"0";"0";"0";"0";"0";"0";"0";"0";"0";"0";"0";"0";"0";"0";"0";"0";"0";"0";"0";"0";"0";"0";"0";"0";"0";"0";"0";"0";"0";"0";"0";"0";"0";"0";"0";"0";"0";"0";"0";"0";"0";"0";"0";"0";"0";"0";"0";"0";"0";"0";"0";"0";"0";"0";"0";"0";"4";"1";"0";"0";"0";"0";"0";"0";"0";"0";"0";"0";"0";"0";"0";"0";"0";"0";"0";"0";"0";"0";"0";"0";"0";"1";"0";"0";"0";"0";"4";"0";"0";"0";"0";"0";"0";"0";"0";"0";"0";"0";"0";"0";"0";"0";"0";"0";"0";"0";"0";"0";"0";"0";"0";"0";"0";"0";"0";"0";"1";"0";"0";"0";"0";"0";"0";"0";"0";"0";"0";"0";"0";"0";"0";"0";"0";"0";"0";"0";"0";"0";"0";"0";"0";"0";"0";"0";"0";"0";"0";"1";"0";"0";"0";"0";"0";"0";"0";"0";"1";"0";"0";"0";"0";"3";"0";"0";"0";"0";"396";"95";"5";"6";"35";"0";"0";"0";"0";"0";"9";"0";"0";"0";"0";"0";"0";"0";"0";"0";"1";"0";"0";"0";"0";"1";"0";"0";"0";"2";"0";"0";"0";"0";"0";"0";"0";"0";"0";"0";"0";"0";"0";"0";"0";"0";"0";"0";"0";"0";"0";"0";"0";"0";"0";"0";"0";"0";"0";"0";"0";"0";"0";"0";"0";"0";"0";"0";"0";"0";"0";"0";"0";"0";"0";"1";"0";"0";"0";"0";"0";"0";"0";"0";"0";"0";"0";"0";"0";"0";"0";"0";"0";"0";"0";"9";"1";"0";"0";"0";"0";"0";"0";"0";"0";"0";"0";"0";"0";"0";"0";"1";"0";"0";"0";"405";"95";"5";"6";"35";"2";"0";"0";"0";"2";"0";"0";"0";"0";"0"
"[53] NUSA TENGGARA TIMUR";"[5310] SIKKA";"[5310012] TANA WAWO";"53";"5310";"5310012";"42";"0";"0";"0";"9";"0";"0";"0";"0";"0";"0";"0";"0";"0";"0";"0";"0";"0";"0";"0";"0";"0";"0";"0";"0";"0";"0";"0";"0";"0";"1";"0";"0";"0";"0";"0";"0";"0";"0";"0";"0";"0";"0";"0";"0";"0";"0";"0";"0";"0";"0";"0";"0";"0";"0";"0";"0";"0";"0";"0";"1";"0";"0";"0";"0";"1";"0";"0";"0";"1";"1";"0";"0";"0";"0";"0";"0";"0";"0";"0";"0";"0";"0";"0";"0";"0";"0";"0";"0";"0";"0";"0";"0";"0";"0";"0";"0";"0";"0";"0";"0";"0";"0";"0";"0";"0";"0";"0";"0";"0";"0";"0";"0";"0";"0";"6";"0";"0";"0";"0";"0";"0";"0";"0";"0";"0";"0";"0";"0";"0";"1";"0";"0";"0";"0";"0";"0";"0";"0";"0";"0";"0";"0";"0";"0";"0";"0";"0";"0";"0";"0";"0";"0";"0";"0";"0";"0";"0";"0";"0";"0";"0";"0";"0";"0";"0";"0";"0";"0";"1";"0";"0";"0";"0";"0";"0";"0";"0";"0";"0";"0";"0";"0";"0";"0";"0";"0";"0";"0";"0";"0";"0";"0";"0";"0";"0";"0";"0";"0";"0";"0";"0";"0";"0";"0";"0";"0";"0";"0";"0";"0";"0";"0";"0";"0";"0";"0";"0";"0";"0";"0";"0";"0";"0";"0";"0";"0";"0";"0";"0";"0";"0";"0";"0";"0";"0";"0";"0";"0";"0";"0";"0";"0";"0";"0";"0";"0";"0";"0";"0";"0";"0";"0";"0";"0";"0";"0";"0";"0";"1";"0";"0";"0";"0";"1";"0";"0";"0";"0";"197";"0";"0";"0";"5";"1";"0";"0";"0";"0";"21";"0";"0";"0";"0";"0";"0";"0";"0";"0";"0";"0";"0";"0";"0";"0";"0";"0";"0";"0";"0";"0";"0";"0";"0";"0";"0";"0";"0";"0";"0";"0";"0";"0";"0";"0";"0";"0";"0";"0";"0";"0";"0";"0";"0";"0";"0";"0";"0";"0";"0";"0";"0";"0";"0";"0";"0";"0";"0";"0";"1";"0";"0";"0";"0";"2";"0";"0";"0";"1";"0";"0";"0";"0";"0";"0";"0";"0";"0";"0";"7";"0";"0";"0";"0";"1";"0";"0";"0";"0";"0";"0";"0";"0";"0";"0";"0";"0";"0";"0";"0";"0";"0";"0";"0";"210";"0";"0";"0";"5";"0";"0";"0";"0";"0";"0";"0";"0";"0";"0"
"[53] NUSA TENGGARA TIMUR";"[5310] SIKKA";"[5310020] LELA";"53";"5310";"5310020";"34";"0";"0";"1";"2";"0";"0";"0";"0";"0";"0";"0";"0";"0";"0";"0";"0";"0";"0";"0";"0";"0";"0";"0";"0";"0";"0";"0";"0";"0";"2";"0";"0";"0";"0";"2";"0";"0";"0";"0";"0";"0";"0";"0";"0";"0";"0";"0";"0";"0";"0";"0";"0";"0";"0";"0";"0";"0";"0";"0";"0";"0";"0";"0";"0";"0";"0";"0";"0";"0";"0";"0";"0";"0";"0";"1";"0";"0";"0";"0";"0";"0";"0";"0";"0";"0";"0";"0";"0";"0";"0";"0";"0";"0";"0";"0";"0";"0";"0";"0";"0";"0";"0";"0";"0";"0";"0";"0";"0";"0";"0";"0";"0";"0";"0";"0";"0";"0";"0";"0";"0";"0";"0";"0";"0";"0";"0";"0";"0";"0";"0";"0";"0";"0";"0";"0";"0";"0";"0";"0";"0";"0";"0";"0";"0";"0";"0";"0";"0";"0";"0";"0";"0";"0";"0";"0";"0";"0";"0";"8";"0";"0";"0";"5";"0";"0";"0";"0";"0";"0";"0";"0";"0";"1";"0";"0";"0";"0";"0";"0";"0";"0";"0";"0";"1";"0";"0";"0";"0";"6";"0";"0";"0";"1";"0";"0";"0";"0";"0";"0";"0";"0";"0";"0";"0";"0";"0";"0";"0";"0";"0";"0";"0";"0";"0";"0";"0";"0";"0";"6";"0";"0";"0";"2";"0";"0";"0";"0";"0";"0";"0";"0";"0";"0";"2";"0";"0";"0";"0";"4";"0";"0";"0";"0";"1";"0";"0";"0";"0";"7";"0";"0";"0";"0";"3";"0";"0";"0";"1";"0";"0";"0";"0";"0";"1";"0";"0";"0";"0";"521";"0";"0";"0";"29";"1";"0";"0";"0";"0";"28";"0";"0";"0";"5";"0";"0";"0";"0";"0";"0";"0";"0";"0";"0";"0";"0";"0";"0";"0";"0";"0";"0";"0";"0";"0";"0";"0";"0";"0";"51";"0";"0";"0";"0";"0";"0";"0";"0";"0";"0";"0";"0";"0";"0";"1";"0";"0";"0";"1";"0";"0";"0";"0";"0";"0";"0";"0";"0";"0";"2";"0";"0";"0";"0";"0";"0";"0";"0";"0";"1";"0";"0";"0";"0";"0";"0";"0";"0";"0";"0";"0";"0";"0";"0";"14";"0";"0";"0";"6";"0";"0";"0";"0";"0";"2";"0";"0";"0";"0";"14";"0";"0";"0";"1";"532";"0";"0";"0";"34";"0";"0";"0";"0";"0";"51";"0";"0";"0";"0"
"[53] NUSA TENGGARA TIMUR";"[5310] SIKKA";"[5310030] BOLA";"53";"5310";"5310030";"230";"6";"3";"8";"52";"0";"0";"0";"0";"0";"0";"0";"0";"0";"0";"0";"0";"0";"0";"0";"0";"0";"0";"0";"0";"0";"0";"0";"0";"0";"0";"0";"0";"0";"0";"4";"0";"0";"0";"1";"0";"0";"0";"0";"0";"1";"0";"0";"0";"0";"0";"0";"0";"0";"0";"8";"0";"0";"1";"7";"1";"0";"0";"0";"0";"3";"0";"0";"1";"11";"0";"0";"0";"0";"0";"1";"0";"0";"0";"0";"0";"0";"0";"0";"0";"0";"0";"0";"0";"0";"0";"0";"0";"0";"0";"0";"0";"0";"0";"0";"0";"0";"0";"0";"0";"0";"0";"0";"0";"0";"0";"0";"0";"0";"0";"0";"0";"0";"0";"0";"0";"0";"0";"0";"0";"0";"0";"0";"0";"0";"1";"0";"0";"0";"1";"0";"0";"0";"0";"0";"0";"0";"0";"0";"0";"0";"0";"0";"0";"0";"0";"0";"0";"0";"0";"0";"0";"0";"0";"13";"1";"1";"0";"2";"0";"0";"0";"0";"0";"0";"0";"0";"0";"0";"1";"0";"0";"0";"0";"0";"0";"0";"0";"0";"0";"0";"0";"0";"0";"15";"1";"1";"2";"3";"0";"0";"0";"0";"0";"0";"0";"0";"0";"0";"0";"0";"0";"0";"0";"0";"0";"0";"0";"0";"0";"0";"0";"0";"0";"64";"0";"0";"8";"17";"13";"0";"0";"1";"0";"3";"0";"0";"0";"1";"22";"0";"0";"0";"4";"23";"0";"0";"0";"0";"21";"0";"0";"0";"0";"3";"0";"0";"0";"0";"2";"0";"0";"0";"1";"7";"0";"0";"0";"1";"1";"0";"0";"0";"0";"623";"1";"17";"12";"51";"1";"0";"0";"0";"0";"77";"0";"0";"3";"2";"1";"0";"0";"0";"1";"2";"0";"0";"0";"5";"3";"0";"0";"0";"1";"1";"0";"0";"0";"0";"0";"0";"0";"0";"0";"2";"0";"0";"0";"4";"0";"0";"0";"0";"0";"4";"0";"0";"0";"3";"0";"0";"0";"0";"0";"0";"0";"0";"0";"0";"1";"0";"0";"0";"0";"0";"0";"0";"0";"0";"12";"0";"0";"2";"18";"1";"0";"0";"0";"0";"0";"0";"0";"0";"0";"2";"0";"0";"0";"0";"29";"2";"2";"2";"5";"0";"0";"0";"0";"0";"38";"0";"0";"1";"5";"47";"0";"0";"0";"1";"660";"1";"17";"15";"53";"6";"0";"0";"0";"7";"3";"0";"0";"0";"4"
"[53] NUSA TENGGARA TIMUR";"[5310] SIKKA";"[5310031] DORENG";"53";"5310";"5310031";"103";"0";"0";"3";"15";"1";"0";"0";"0";"0";"0";"0";"0";"0";"1";"0";"0";"0";"0";"0";"0";"0";"0";"0";"0";"0";"0";"0";"0";"0";"0";"0";"0";"0";"0";"1";"0";"0";"0";"0";"0";"0";"0";"0";"0";"0";"0";"0";"0";"0";"0";"0";"0";"0";"1";"12";"0";"0";"1";"9";"6";"0";"0";"0";"5";"86";"0";"0";"12";"35";"0";"0";"0";"0";"0";"0";"0";"0";"0";"0";"0";"0";"0";"0";"0";"0";"0";"0";"0";"0";"0";"0";"0";"0";"0";"0";"0";"0";"0";"0";"0";"0";"0";"0";"0";"0";"0";"0";"0";"0";"0";"0";"0";"0";"0";"0";"0";"0";"0";"1";"0";"0";"0";"0";"0";"0";"0";"0";"0";"0";"0";"0";"0";"0";"0";"0";"0";"0";"0";"0";"0";"0";"0";"0";"0";"0";"0";"0";"0";"0";"0";"0";"0";"0";"0";"0";"0";"0";"0";"4";"0";"0";"1";"1";"0";"0";"0";"0";"0";"0";"0";"0";"0";"0";"0";"0";"0";"0";"0";"0";"0";"0";"0";"0";"0";"0";"0";"0";"0";"0";"0";"0";"0";"0";"0";"0";"0";"0";"0";"0";"0";"0";"0";"0";"0";"0";"0";"0";"0";"0";"0";"0";"0";"0";"0";"0";"0";"0";"0";"13";"0";"0";"2";"4";"0";"0";"0";"0";"0";"0";"0";"0";"0";"0";"3";"0";"0";"0";"1";"2";"0";"0";"0";"0";"0";"0";"0";"0";"0";"0";"0";"0";"0";"0";"0";"0";"0";"0";"0";"18";"0";"0";"0";"0";"15";"0";"0";"0";"0";"366";"0";"1";"3";"12";"1";"0";"0";"0";"0";"16";"0";"0";"0";"0";"0";"0";"0";"0";"0";"1";"0";"0";"0";"0";"3";"0";"0";"0";"1";"2";"0";"0";"0";"0";"0";"0";"0";"1";"0";"84";"0";"0";"1";"0";"1";"0";"0";"0";"0";"1";"0";"0";"0";"0";"0";"0";"0";"0";"0";"0";"0";"0";"0";"0";"0";"0";"0";"0";"0";"0";"0";"0";"0";"0";"104";"0";"0";"13";"49";"0";"0";"0";"0";"0";"0";"0";"0";"0";"0";"0";"0";"0";"0";"1";"4";"0";"0";"1";"1";"0";"0";"0";"0";"0";"3";"0";"0";"0";"1";"2";"0";"0";"0";"0";"390";"0";"1";"3";"12";"4";"0";"0";"0";"1";"86";"0";"0";"2";"0"
"[53] NUSA TENGGARA TIMUR";"[5310] SIKKA";"[5310032] MAPITARA";"53";"5310";"5310032";"73";"0";"0";"0";"27";"0";"0";"0";"0";"0";"0";"0";"0";"0";"0";"0";"0";"0";"0";"0";"0";"0";"0";"0";"0";"0";"0";"0";"0";"0";"1";"0";"0";"0";"0";"0";"0";"0";"0";"0";"1";"0";"0";"0";"0";"0";"0";"0";"0";"0";"0";"0";"0";"0";"0";"0";"0";"0";"0";"0";"0";"0";"0";"0";"0";"3";"0";"0";"0";"12";"1";"0";"0";"0";"0";"0";"0";"0";"0";"0";"0";"0";"0";"0";"0";"0";"0";"0";"0";"0";"0";"0";"0";"0";"0";"0";"0";"0";"0";"0";"0";"0";"0";"0";"0";"0";"0";"0";"0";"0";"0";"0";"0";"0";"0";"0";"0";"0";"0";"0";"0";"0";"0";"0";"0";"0";"0";"0";"0";"0";"0";"0";"0";"0";"0";"0";"0";"0";"0";"0";"0";"0";"0";"0";"0";"0";"0";"0";"0";"0";"0";"0";"0";"0";"0";"0";"0";"0";"0";"1";"0";"0";"0";"1";"0";"0";"0";"0";"0";"0";"0";"0";"0";"0";"6";"0";"0";"0";"0";"0";"0";"0";"0";"0";"0";"0";"0";"0";"0";"0";"0";"0";"0";"0";"0";"0";"0";"0";"0";"0";"0";"0";"0";"0";"0";"0";"0";"0";"0";"0";"0";"0";"0";"0";"0";"0";"0";"0";"0";"0";"0";"0";"0";"0";"0";"0";"0";"0";"0";"0";"0";"0";"0";"0";"0";"0";"0";"0";"0";"0";"0";"0";"0";"0";"0";"0";"0";"0";"0";"0";"0";"0";"0";"0";"0";"0";"0";"0";"0";"0";"0";"0";"0";"0";"0";"0";"0";"0";"0";"31";"0";"0";"0";"0";"0";"0";"0";"0";"0";"0";"0";"0";"0";"0";"0";"0";"0";"0";"0";"0";"0";"0";"0";"0";"0";"0";"0";"0";"0";"0";"0";"0";"0";"0";"0";"0";"0";"0";"0";"0";"0";"0";"0";"0";"0";"0";"0";"0";"0";"0";"0";"0";"0";"0";"0";"0";"0";"0";"0";"0";"0";"0";"0";"0";"0";"0";"0";"0";"0";"1";"0";"0";"0";"0";"3";"0";"0";"0";"12";"0";"0";"0";"0";"0";"0";"0";"0";"0";"0";"0";"0";"0";"0";"0";"7";"0";"0";"0";"1";"0";"0";"0";"0";"0";"0";"0";"0";"0";"0";"0";"0";"0";"0";"0";"31";"0";"0";"0";"0";"0";"0";"0";"0";"0";"0";"0";"0";"0";"0"
"[53] NUSA TENGGARA TIMUR";"[5310] SIKKA";"[5310040] TALIBURA";"53";"5310";"5310040";"23";"0";"25";"0";"52";"0";"0";"0";"0";"0";"0";"0";"0";"0";"0";"0";"0";"0";"0";"0";"0";"0";"0";"0";"0";"0";"0";"0";"0";"0";"1";"0";"0";"0";"0";"1";"0";"0";"1";"2";"0";"0";"0";"0";"0";"0";"0";"0";"0";"0";"0";"0";"0";"0";"0";"0";"0";"0";"0";"0";"0";"0";"0";"0";"0";"3";"0";"0";"0";"1";"3";"0";"0";"0";"0";"16";"0";"0";"0";"1";"0";"0";"0";"0";"0";"0";"0";"0";"0";"0";"0";"0";"0";"0";"0";"0";"0";"0";"0";"1";"1";"0";"0";"0";"0";"0";"0";"0";"0";"0";"0";"0";"0";"0";"0";"0";"0";"0";"0";"0";"0";"0";"0";"0";"0";"0";"0";"0";"0";"1";"1";"0";"0";"3";"0";"0";"0";"0";"0";"1";"0";"0";"0";"0";"0";"0";"0";"0";"0";"0";"0";"0";"0";"0";"0";"0";"0";"0";"0";"104";"11";"27";"1";"13";"2";"0";"0";"0";"0";"3";"0";"0";"0";"0";"0";"0";"0";"0";"0";"0";"0";"0";"0";"0";"0";"0";"1";"0";"2";"9";"1";"5";"0";"2";"0";"0";"0";"0";"0";"0";"0";"0";"0";"0";"0";"0";"0";"0";"0";"0";"0";"0";"0";"0";"0";"0";"0";"0";"0";"12";"0";"0";"0";"6";"238";"0";"0";"0";"6";"1";"0";"0";"0";"0";"231";"0";"0";"0";"8";"5";"0";"0";"0";"0";"29";"0";"0";"0";"5";"4";"0";"0";"0";"0";"10";"0";"0";"0";"1";"10";"0";"0";"0";"1";"7";"0";"1";"0";"0";"1135";"0";"14";"6";"54";"9";"0";"0";"0";"2";"255";"0";"0";"0";"5";"1";"0";"0";"0";"0";"0";"0";"0";"0";"0";"11";"0";"0";"0";"2";"1";"0";"0";"0";"0";"0";"0";"0";"0";"0";"0";"0";"0";"0";"0";"5";"0";"0";"0";"1";"3";"0";"0";"0";"0";"5";"0";"0";"0";"1";"0";"0";"0";"0";"0";"1";"0";"0";"0";"0";"1";"0";"0";"0";"0";"3";"0";"0";"0";"1";"16";"0";"0";"0";"1";"1";"0";"0";"0";"1";"1";"0";"0";"0";"4";"118";"12";"31";"1";"17";"0";"0";"0";"0";"0";"405";"0";"0";"0";"14";"47";"0";"0";"0";"6";"1203";"0";"15";"6";"61";"12";"0";"0";"0";"2";"1";"0";"0";"0";"0"
"[53] NUSA TENGGARA TIMUR";"[5310] SIKKA";"[5310041] WAIGETE";"53";"5310";"5310041";"196";"1";"0";"0";"26";"0";"0";"0";"0";"0";"0";"0";"0";"0";"0";"0";"0";"0";"0";"0";"0";"0";"0";"0";"0";"0";"0";"0";"0";"0";"1";"0";"0";"0";"0";"11";"0";"0";"0";"8";"16";"0";"0";"0";"0";"0";"0";"0";"0";"0";"0";"0";"0";"0";"0";"1";"0";"0";"0";"1";"0";"0";"0";"0";"0";"0";"0";"0";"0";"1";"4";"0";"0";"0";"0";"6";"0";"0";"0";"0";"0";"0";"0";"0";"0";"0";"0";"0";"0";"0";"0";"0";"0";"0";"0";"2";"0";"0";"0";"1";"1";"0";"0";"0";"0";"0";"0";"0";"0";"0";"0";"0";"0";"0";"0";"0";"0";"0";"0";"0";"0";"0";"0";"0";"0";"0";"0";"0";"0";"0";"0";"0";"0";"0";"1";"0";"0";"1";"1";"0";"0";"0";"0";"0";"0";"0";"0";"0";"0";"0";"0";"0";"0";"0";"1";"0";"0";"0";"0";"134";"22";"7";"0";"6";"0";"0";"0";"0";"0";"0";"0";"0";"0";"0";"15";"0";"0";"0";"0";"0";"0";"0";"0";"0";"11";"0";"1";"0";"0";"115";"8";"5";"0";"4";"0";"0";"0";"0";"0";"0";"0";"0";"0";"0";"0";"0";"0";"0";"0";"0";"0";"0";"0";"0";"0";"0";"0";"0";"0";"51";"0";"0";"2";"10";"2";"0";"0";"0";"0";"0";"0";"0";"0";"0";"64";"0";"0";"0";"7";"7";"0";"0";"0";"0";"50";"0";"0";"0";"0";"8";"0";"0";"0";"0";"13";"0";"0";"0";"2";"11";"0";"0";"0";"1";"6";"0";"0";"0";"1";"1049";"32";"11";"0";"43";"0";"0";"0";"0";"0";"78";"1";"0";"0";"5";"0";"0";"0";"0";"0";"0";"0";"0";"0";"0";"0";"0";"0";"0";"0";"1";"0";"0";"0";"0";"0";"0";"0";"0";"0";"1";"0";"0";"0";"0";"1";"0";"0";"0";"1";"10";"0";"0";"0";"0";"3";"1";"0";"0";"0";"0";"0";"0";"0";"0";"0";"0";"0";"0";"0";"1";"0";"0";"0";"0";"1";"0";"0";"0";"2";"6";"0";"0";"0";"0";"3";"0";"0";"0";"1";"1";"0";"0";"1";"1";"267";"29";"13";"0";"10";"0";"0";"0";"0";"0";"66";"0";"0";"0";"7";"78";"0";"0";"0";"2";"1113";"33";"11";"0";"49";"0";"0";"0";"0";"0";"2";"0";"0";"0";"0"
"[53] NUSA TENGGARA TIMUR";"[5310] SIKKA";"[5310042] WAIBLAMA";"53";"5310";"5310042";"5";"0";"0";"0";"2";"0";"0";"0";"0";"0";"0";"0";"0";"0";"0";"0";"0";"0";"0";"0";"0";"0";"0";"0";"0";"0";"0";"0";"0";"0";"0";"0";"0";"0";"0";"1";"0";"0";"0";"0";"0";"0";"0";"0";"0";"0";"0";"0";"0";"0";"0";"0";"0";"0";"0";"0";"0";"0";"0";"1";"0";"0";"0";"0";"0";"1";"0";"0";"0";"1";"0";"0";"0";"0";"0";"1";"0";"0";"0";"0";"0";"0";"0";"0";"0";"0";"0";"0";"0";"0";"0";"0";"0";"0";"0";"0";"0";"0";"0";"0";"0";"0";"0";"0";"0";"0";"0";"0";"0";"0";"0";"0";"0";"0";"0";"0";"0";"0";"0";"0";"0";"0";"0";"0";"0";"0";"0";"0";"0";"0";"0";"0";"0";"0";"0";"0";"0";"0";"3";"0";"0";"0";"0";"0";"0";"0";"0";"0";"0";"0";"0";"0";"0";"0";"0";"0";"0";"0";"0";"12";"0";"0";"1";"2";"0";"0";"0";"0";"0";"0";"0";"0";"0";"0";"1";"0";"0";"0";"0";"0";"0";"0";"0";"0";"1";"0";"0";"0";"1";"1";"0";"0";"0";"2";"0";"0";"0";"0";"0";"0";"0";"0";"0";"0";"0";"0";"0";"0";"0";"0";"0";"0";"0";"0";"0";"0";"0";"0";"0";"5";"0";"0";"0";"3";"0";"0";"0";"0";"0";"0";"0";"0";"0";"0";"13";"0";"0";"2";"7";"0";"0";"0";"0";"0";"2";"0";"0";"0";"0";"0";"0";"0";"0";"0";"3";"0";"0";"0";"2";"0";"0";"0";"0";"0";"0";"0";"0";"1";"0";"139";"0";"0";"11";"93";"1";"0";"0";"0";"1";"16";"0";"0";"0";"5";"0";"0";"0";"0";"0";"0";"0";"0";"0";"0";"0";"0";"0";"0";"1";"0";"0";"0";"0";"0";"0";"0";"0";"0";"0";"0";"0";"0";"0";"1";"0";"0";"0";"0";"0";"0";"0";"0";"0";"0";"0";"0";"0";"0";"0";"0";"0";"0";"0";"0";"0";"0";"0";"0";"0";"0";"0";"0";"0";"0";"1";"0";"0";"0";"2";"1";"0";"0";"0";"0";"0";"0";"0";"0";"0";"0";"0";"0";"0";"3";"15";"0";"0";"1";"5";"0";"0";"0";"0";"0";"13";"0";"0";"2";"7";"5";"0";"0";"0";"2";"153";"0";"0";"12";"96";"0";"0";"0";"0";"1";"0";"0";"0";"0";"1"
"[53] NUSA TENGGARA TIMUR";"[5310] SIKKA";"[5310050] KEWAPANTE";"53";"5310";"5310050";"26";"1";"20";"1";"3";"0";"0";"0";"0";"0";"0";"0";"0";"0";"0";"0";"0";"0";"0";"0";"0";"0";"0";"0";"0";"0";"0";"0";"0";"0";"0";"0";"0";"0";"0";"3";"0";"0";"0";"1";"2";"0";"0";"0";"0";"0";"0";"0";"0";"0";"0";"0";"0";"0";"0";"1";"0";"0";"0";"3";"0";"0";"0";"0";"0";"0";"0";"0";"0";"21";"0";"0";"0";"0";"1";"4";"0";"0";"0";"2";"0";"0";"0";"0";"0";"0";"0";"0";"0";"0";"0";"0";"0";"0";"0";"1";"0";"0";"0";"0";"0";"0";"0";"0";"0";"0";"0";"0";"0";"0";"0";"0";"0";"0";"0";"0";"0";"0";"0";"0";"0";"0";"0";"0";"0";"0";"0";"0";"0";"0";"0";"0";"0";"1";"0";"0";"0";"0";"0";"0";"0";"0";"0";"0";"0";"0";"0";"0";"0";"0";"0";"0";"0";"0";"1";"0";"0";"0";"0";"60";"0";"24";"1";"3";"0";"0";"0";"0";"0";"0";"0";"1";"0";"0";"1";"0";"1";"0";"0";"0";"0";"1";"0";"0";"1";"0";"0";"0";"0";"58";"1";"16";"1";"6";"0";"0";"0";"0";"0";"0";"0";"0";"0";"0";"0";"0";"0";"0";"0";"0";"0";"0";"0";"0";"0";"0";"0";"0";"0";"57";"0";"1";"4";"3";"18";"0";"0";"0";"1";"0";"0";"0";"0";"0";"6";"0";"0";"0";"0";"14";"0";"0";"0";"1";"26";"0";"1";"1";"2";"0";"0";"0";"0";"0";"6";"0";"0";"0";"2";"14";"0";"1";"0";"4";"19";"0";"2";"0";"1";"618";"0";"48";"5";"24";"1";"0";"0";"0";"0";"270";"0";"1";"7";"33";"0";"0";"0";"0";"0";"0";"0";"0";"0";"0";"1";"0";"0";"0";"0";"2";"0";"0";"0";"0";"0";"0";"0";"0";"0";"0";"0";"0";"0";"0";"0";"0";"0";"1";"0";"4";"0";"0";"0";"0";"11";"0";"0";"0";"1";"0";"0";"0";"0";"0";"0";"0";"0";"0";"0";"0";"0";"0";"0";"0";"1";"0";"0";"0";"24";"4";"0";"0";"0";"2";"1";"0";"0";"0";"0";"0";"0";"0";"0";"1";"113";"1";"39";"2";"9";"0";"0";"0";"0";"0";"24";"0";"0";"0";"1";"46";"0";"1";"1";"4";"756";"0";"50";"12";"56";"1";"0";"0";"0";"0";"2";"0";"0";"0";"0"
"[53] NUSA TENGGARA TIMUR";"[5310] SIKKA";"[5310051] HEWOKLOANG";"53";"5310";"5310051";"376";"0";"9";"17";"18";"0";"0";"0";"0";"0";"0";"0";"0";"0";"0";"1";"0";"0";"0";"0";"1";"0";"0";"0";"0";"0";"0";"0";"0";"0";"0";"0";"0";"0";"0";"5";"0";"0";"0";"0";"1";"0";"0";"0";"0";"1";"0";"0";"0";"0";"0";"0";"0";"0";"0";"0";"0";"0";"0";"1";"17";"0";"0";"0";"0";"61";"0";"0";"7";"22";"2";"0";"0";"0";"0";"4";"0";"0";"0";"0";"0";"0";"0";"0";"0";"0";"0";"0";"0";"0";"0";"0";"0";"0";"0";"3";"0";"0";"0";"0";"0";"0";"0";"0";"0";"0";"0";"0";"0";"0";"0";"0";"0";"0";"0";"2";"0";"0";"0";"0";"1";"0";"0";"0";"0";"0";"0";"0";"0";"0";"2";"0";"0";"0";"2";"0";"0";"0";"0";"0";"0";"0";"0";"0";"0";"0";"0";"0";"0";"0";"0";"0";"0";"0";"1";"0";"0";"0";"0";"7";"0";"0";"0";"1";"0";"0";"0";"0";"0";"2";"0";"0";"0";"0";"0";"0";"0";"0";"0";"0";"0";"0";"0";"0";"0";"0";"0";"0";"0";"10";"0";"0";"0";"1";"0";"0";"0";"0";"0";"0";"0";"0";"0";"0";"0";"0";"0";"0";"0";"0";"0";"0";"0";"0";"0";"0";"0";"0";"0";"92";"0";"0";"15";"9";"14";"0";"0";"0";"0";"4";"0";"0";"0";"0";"60";"0";"0";"5";"4";"1";"0";"0";"0";"0";"26";"0";"0";"0";"0";"1";"0";"0";"0";"0";"5";"0";"0";"0";"0";"17";"0";"0";"0";"1";"12";"0";"0";"0";"0";"694";"0";"9";"18";"14";"4";"0";"0";"0";"0";"129";"0";"2";"9";"8";"2";"0";"0";"0";"0";"1";"0";"0";"0";"0";"6";"0";"0";"0";"3";"0";"0";"0";"0";"0";"3";"0";"0";"0";"0";"19";"0";"0";"0";"2";"2";"0";"0";"1";"0";"7";"0";"0";"0";"0";"2";"0";"0";"0";"0";"0";"0";"0";"0";"0";"0";"0";"0";"0";"0";"2";"0";"0";"0";"0";"78";"0";"0";"7";"23";"4";"0";"0";"0";"0";"3";"0";"0";"0";"0";"6";"0";"0";"0";"0";"18";"0";"0";"0";"2";"0";"0";"0";"0";"0";"78";"0";"0";"5";"4";"31";"0";"0";"0";"0";"783";"0";"10";"24";"22";"9";"0";"0";"0";"3";"22";"0";"0";"0";"2"
"[53] NUSA TENGGARA TIMUR";"[5310] SIKKA";"[5310052] KANGAE";"53";"5310";"5310052";"76";"1";"0";"3";"11";"0";"0";"0";"0";"0";"0";"0";"0";"0";"0";"1";"0";"0";"0";"0";"0";"0";"0";"0";"0";"0";"0";"0";"0";"0";"0";"0";"0";"0";"0";"2";"0";"0";"0";"1";"39";"0";"0";"0";"2";"1";"0";"0";"0";"0";"0";"0";"0";"0";"0";"1";"0";"0";"0";"1";"0";"0";"0";"0";"0";"0";"0";"0";"0";"0";"0";"0";"0";"0";"0";"6";"0";"0";"0";"0";"0";"0";"0";"0";"0";"0";"0";"0";"0";"0";"0";"0";"0";"0";"0";"1";"0";"0";"0";"0";"0";"0";"0";"0";"0";"0";"0";"0";"0";"0";"0";"0";"0";"0";"0";"0";"0";"0";"0";"0";"0";"0";"0";"0";"0";"0";"0";"0";"0";"0";"0";"0";"0";"0";"1";"0";"0";"0";"0";"0";"0";"0";"0";"0";"0";"0";"0";"0";"0";"0";"0";"0";"0";"0";"0";"0";"0";"0";"0";"58";"0";"0";"1";"2";"1";"0";"0";"0";"0";"0";"0";"0";"0";"0";"0";"0";"0";"0";"0";"0";"0";"0";"0";"0";"3";"0";"0";"0";"0";"32";"1";"0";"2";"6";"0";"0";"0";"0";"0";"0";"0";"0";"0";"0";"0";"0";"0";"0";"0";"0";"0";"0";"0";"0";"0";"0";"0";"0";"0";"92";"0";"0";"10";"7";"3";"0";"0";"0";"0";"0";"0";"0";"0";"0";"6";"0";"0";"0";"0";"17";"0";"0";"1";"1";"38";"0";"0";"0";"1";"5";"0";"0";"0";"0";"6";"0";"0";"0";"1";"7";"0";"0";"0";"1";"3";"0";"0";"0";"0";"640";"2";"5";"9";"60";"1";"0";"0";"0";"1";"118";"0";"0";"4";"11";"0";"0";"0";"0";"0";"0";"0";"0";"0";"0";"0";"0";"0";"0";"0";"2";"0";"0";"0";"0";"0";"0";"0";"0";"0";"0";"0";"0";"0";"0";"1";"0";"0";"0";"0";"1";"0";"0";"0";"1";"1";"0";"0";"0";"0";"0";"0";"0";"0";"0";"0";"0";"0";"0";"0";"1";"0";"0";"0";"0";"1";"0";"0";"0";"1";"6";"0";"0";"0";"0";"1";"0";"0";"0";"0";"1";"0";"0";"0";"0";"82";"1";"0";"3";"8";"0";"0";"0";"0";"0";"9";"0";"0";"0";"0";"65";"0";"0";"1";"3";"723";"2";"5";"12";"71";"0";"0";"0";"0";"0";"2";"0";"0";"0";"0"
"[53] NUSA TENGGARA TIMUR";"[5310] SIKKA";"[5310061] PALUE";"53";"5310";"5310061";"0";"0";"0";"0";"0";"0";"0";"0";"0";"0";"0";"0";"0";"0";"0";"0";"0";"0";"0";"0";"0";"0";"0";"0";"0";"0";"0";"0";"0";"0";"0";"0";"0";"0";"0";"0";"0";"0";"0";"0";"0";"0";"0";"0";"0";"0";"0";"0";"0";"0";"0";"0";"0";"0";"0";"0";"0";"0";"0";"0";"0";"0";"0";"0";"0";"0";"0";"0";"0";"0";"0";"0";"0";"0";"0";"0";"0";"0";"0";"0";"0";"0";"0";"0";"0";"0";"0";"0";"0";"0";"0";"0";"0";"0";"0";"0";"0";"0";"0";"0";"0";"0";"0";"0";"0";"0";"0";"0";"0";"0";"0";"0";"0";"0";"0";"0";"0";"0";"0";"0";"0";"0";"0";"0";"0";"0";"0";"0";"0";"0";"0";"0";"0";"0";"0";"0";"0";"0";"0";"0";"0";"0";"0";"0";"0";"0";"0";"0";"0";"0";"0";"0";"0";"0";"0";"0";"0";"0";"0";"0";"0";"0";"0";"0";"0";"0";"0";"0";"0";"0";"0";"0";"0";"0";"0";"0";"0";"0";"0";"0";"0";"0";"0";"0";"0";"0";"0";"0";"0";"0";"0";"0";"0";"0";"0";"0";"0";"0";"0";"0";"0";"0";"0";"0";"0";"0";"0";"0";"0";"0";"0";"0";"0";"0";"0";"0";"0";"0";"0";"0";"0";"0";"0";"0";"0";"0";"0";"0";"0";"0";"0";"0";"0";"0";"0";"0";"0";"0";"0";"0";"0";"0";"0";"0";"0";"0";"0";"0";"0";"0";"0";"0";"0";"0";"0";"0";"0";"0";"0";"0";"0";"0";"0";"0";"0";"0";"0";"0";"0";"0";"0";"0";"0";"0";"0";"0";"0";"0";"0";"0";"0";"0";"0";"0";"0";"0";"0";"0";"0";"0";"0";"0";"0";"0";"0";"0";"0";"0";"0";"0";"0";"0";"0";"0";"0";"0";"0";"0";"0";"0";"0";"0";"0";"0";"0";"0";"0";"0";"0";"0";"0";"0";"0";"0";"0";"0";"0";"0";"0";"0";"0";"0";"0";"0";"0";"0";"0";"0";"0";"0";"0";"0";"0";"0";"0";"0";"0";"0";"0";"0";"0";"0";"0";"0";"0";"0";"0";"0";"0";"0";"0";"0";"0";"0";"0";"0";"0";"0";"0";"0";"0";"0";"0";"0";"0";"0";"0";"0";"0";"0";"0";"0";"0";"0";"0";"0";"0";"0";"0";"0";"0";"0";"0";"0";"0";"0";"0";"0";"0"
"[53] NUSA TENGGARA TIMUR";"[5310] SIKKA";"[5310062] KOTING";"53";"5310";"5310062";"307";"0";"1";"2";"49";"0";"0";"0";"0";"0";"0";"0";"0";"0";"0";"0";"0";"0";"0";"0";"0";"0";"0";"0";"0";"0";"0";"0";"0";"0";"0";"0";"0";"0";"0";"4";"0";"0";"0";"0";"0";"0";"0";"0";"0";"1";"0";"0";"0";"0";"0";"0";"0";"0";"0";"0";"0";"0";"0";"0";"0";"0";"0";"0";"0";"0";"0";"0";"0";"0";"0";"0";"0";"0";"0";"2";"0";"0";"0";"2";"0";"0";"0";"0";"0";"0";"0";"0";"0";"0";"0";"0";"0";"0";"0";"0";"0";"0";"0";"1";"0";"0";"0";"0";"0";"0";"0";"0";"0";"0";"0";"0";"0";"0";"0";"0";"0";"0";"0";"0";"0";"0";"0";"0";"0";"0";"0";"0";"0";"0";"1";"0";"0";"0";"2";"0";"0";"0";"7";"0";"0";"0";"0";"0";"0";"0";"0";"0";"0";"0";"0";"0";"0";"0";"0";"0";"0";"0";"0";"32";"0";"0";"5";"15";"0";"0";"0";"0";"0";"0";"0";"0";"0";"0";"0";"0";"0";"0";"0";"0";"0";"0";"0";"0";"0";"0";"0";"0";"0";"32";"0";"0";"2";"15";"0";"0";"0";"0";"0";"0";"0";"0";"0";"0";"0";"0";"0";"0";"0";"0";"0";"0";"0";"0";"0";"0";"0";"0";"0";"4";"0";"0";"0";"5";"0";"0";"0";"0";"0";"1";"0";"0";"0";"0";"15";"0";"0";"0";"1";"1";"0";"0";"1";"0";"3";"0";"0";"0";"1";"1";"0";"0";"0";"0";"2";"0";"0";"0";"0";"3";"0";"0";"0";"1";"1";"0";"0";"0";"0";"485";"0";"14";"8";"6";"0";"0";"0";"0";"0";"13";"1";"0";"1";"1";"0";"0";"0";"0";"0";"0";"0";"0";"0";"0";"4";"0";"0";"0";"1";"0";"0";"0";"0";"0";"0";"0";"0";"0";"0";"19";"0";"0";"1";"2";"0";"0";"0";"0";"0";"0";"0";"0";"0";"0";"0";"0";"0";"0";"0";"0";"0";"0";"0";"0";"0";"0";"0";"0";"0";"0";"0";"0";"0";"0";"0";"0";"0";"0";"0";"2";"0";"0";"0";"2";"0";"0";"0";"0";"1";"3";"0";"0";"0";"7";"59";"0";"0";"7";"30";"0";"0";"0";"0";"0";"16";"0";"0";"0";"1";"6";"0";"0";"1";"1";"493";"1";"14";"9";"8";"4";"0";"0";"0";"1";"19";"0";"0";"1";"2"
"[53] NUSA TENGGARA TIMUR";"[5310] SIKKA";"[5310063] NELLE";"53";"5310";"5310063";"33";"1";"9";"0";"6";"0";"0";"0";"0";"0";"0";"0";"0";"0";"0";"0";"0";"0";"0";"0";"0";"0";"0";"0";"0";"0";"0";"0";"0";"0";"0";"0";"0";"0";"0";"0";"0";"0";"0";"0";"0";"0";"0";"0";"0";"0";"0";"0";"0";"0";"0";"0";"0";"0";"0";"0";"0";"0";"0";"0";"0";"0";"0";"0";"0";"1";"0";"0";"0";"0";"0";"0";"0";"0";"0";"1";"0";"0";"0";"0";"0";"0";"0";"0";"0";"0";"0";"0";"0";"0";"0";"0";"0";"0";"0";"2";"0";"0";"0";"0";"0";"0";"0";"0";"0";"0";"0";"0";"0";"0";"0";"0";"0";"0";"0";"0";"0";"0";"0";"0";"0";"0";"0";"0";"0";"0";"0";"0";"0";"0";"0";"0";"0";"0";"0";"0";"0";"0";"0";"0";"0";"0";"0";"0";"0";"0";"0";"0";"0";"0";"0";"0";"0";"0";"2";"0";"0";"0";"0";"28";"0";"13";"2";"0";"0";"0";"0";"0";"0";"0";"0";"0";"0";"0";"2";"0";"0";"0";"0";"0";"0";"0";"0";"0";"0";"0";"0";"0";"0";"24";"0";"14";"0";"0";"0";"0";"0";"0";"0";"0";"0";"0";"0";"0";"0";"0";"0";"0";"0";"0";"0";"0";"0";"0";"0";"0";"0";"0";"0";"2";"0";"0";"0";"0";"0";"0";"0";"0";"0";"0";"0";"0";"0";"0";"2";"0";"0";"0";"0";"6";"0";"0";"0";"0";"5";"0";"0";"0";"0";"0";"0";"0";"0";"0";"0";"0";"0";"0";"0";"2";"0";"0";"0";"0";"0";"0";"0";"0";"0";"475";"0";"19";"0";"7";"0";"0";"0";"0";"0";"29";"0";"1";"0";"2";"0";"0";"0";"0";"0";"0";"0";"0";"0";"0";"0";"0";"0";"0";"0";"0";"0";"0";"0";"0";"0";"0";"0";"0";"0";"0";"0";"0";"0";"0";"1";"0";"0";"0";"0";"0";"0";"0";"0";"0";"2";"0";"0";"0";"0";"0";"0";"0";"0";"0";"0";"0";"0";"0";"0";"0";"0";"0";"0";"0";"1";"0";"0";"0";"0";"1";"0";"0";"0";"0";"2";"0";"0";"0";"0";"0";"0";"0";"0";"0";"50";"0";"25";"2";"0";"0";"0";"0";"0";"0";"2";"0";"0";"0";"0";"11";"0";"0";"0";"0";"492";"0";"20";"0";"9";"0";"0";"0";"0";"0";"0";"0";"0";"0";"0"
"[53] NUSA TENGGARA TIMUR";"[5310] SIKKA";"[5310070] NITA";"53";"5310";"5310070";"284";"0";"0";"8";"59";"0";"0";"0";"0";"0";"0";"0";"0";"0";"0";"1";"0";"0";"0";"0";"0";"0";"0";"0";"0";"0";"0";"0";"0";"0";"0";"0";"0";"0";"0";"8";"0";"0";"0";"1";"3";"0";"0";"8";"0";"1";"0";"0";"0";"0";"0";"0";"0";"0";"0";"0";"0";"0";"1";"1";"0";"0";"0";"0";"3";"6";"0";"0";"1";"5";"8";"0";"0";"0";"0";"3";"0";"0";"1";"0";"0";"0";"0";"0";"0";"0";"0";"0";"0";"0";"0";"0";"0";"0";"0";"1";"0";"0";"0";"0";"0";"0";"0";"0";"0";"0";"0";"0";"0";"0";"0";"0";"0";"0";"0";"0";"0";"0";"0";"1";"0";"0";"0";"0";"0";"1";"0";"0";"0";"0";"4";"0";"0";"2";"1";"0";"0";"0";"0";"0";"0";"0";"0";"0";"0";"0";"0";"0";"0";"0";"0";"0";"0";"0";"0";"0";"0";"0";"0";"46";"0";"0";"1";"8";"0";"0";"0";"0";"0";"0";"0";"0";"0";"0";"2";"0";"0";"0";"0";"0";"0";"0";"0";"0";"1";"0";"0";"0";"0";"13";"0";"0";"0";"1";"0";"0";"0";"0";"0";"0";"0";"0";"0";"0";"0";"0";"0";"0";"0";"0";"0";"0";"0";"0";"0";"0";"0";"0";"0";"13";"0";"0";"0";"2";"7";"0";"0";"0";"0";"1";"0";"0";"0";"0";"24";"0";"0";"0";"2";"1";"0";"0";"0";"1";"16";"0";"0";"0";"0";"0";"0";"0";"0";"0";"8";"0";"0";"0";"1";"5";"0";"0";"0";"0";"17";"0";"0";"0";"0";"1215";"52";"5";"4";"19";"12";"1";"0";"0";"1";"79";"0";"0";"0";"4";"0";"0";"0";"0";"0";"21";"0";"0";"0";"7";"26";"0";"0";"0";"4";"3";"0";"0";"0";"0";"9";"0";"0";"0";"0";"20";"0";"0";"0";"4";"0";"0";"0";"0";"1";"3";"0";"0";"0";"1";"0";"0";"0";"0";"0";"0";"0";"0";"0";"0";"0";"0";"0";"0";"0";"1";"0";"0";"0";"0";"6";"0";"0";"2";"9";"3";"0";"0";"1";"0";"1";"0";"0";"0";"0";"6";"0";"0";"0";"3";"58";"0";"0";"1";"9";"0";"0";"0";"0";"0";"32";"0";"0";"0";"2";"25";"0";"0";"0";"2";"1266";"53";"5";"4";"23";"47";"0";"0";"0";"11";"32";"0";"0";"0";"4"
"[53] NUSA TENGGARA TIMUR";"[5310] SIKKA";"[5310071] MAGEPANDA";"53";"5310";"5310071";"2";"0";"0";"0";"1";"0";"0";"0";"0";"0";"0";"0";"0";"0";"0";"0";"0";"0";"0";"0";"0";"0";"0";"0";"0";"0";"0";"0";"0";"0";"0";"0";"0";"0";"0";"0";"0";"0";"0";"0";"0";"0";"0";"0";"0";"1";"0";"0";"0";"0";"0";"0";"0";"0";"0";"0";"0";"0";"0";"0";"0";"0";"0";"0";"0";"0";"0";"0";"0";"0";"0";"0";"0";"0";"0";"3";"0";"0";"0";"0";"0";"0";"0";"0";"0";"0";"0";"0";"0";"0";"0";"0";"0";"0";"0";"0";"0";"0";"0";"0";"0";"0";"0";"0";"0";"0";"0";"0";"0";"0";"0";"0";"0";"0";"0";"1";"0";"0";"0";"0";"0";"0";"0";"0";"0";"0";"0";"0";"0";"0";"1";"0";"0";"0";"0";"0";"0";"0";"0";"1";"0";"0";"0";"0";"0";"0";"0";"0";"0";"0";"0";"0";"0";"0";"1";"0";"0";"0";"0";"94";"1";"131";"1";"8";"0";"0";"1";"0";"0";"1";"0";"0";"0";"0";"0";"0";"0";"0";"0";"0";"0";"0";"0";"1";"4";"0";"11";"0";"1";"13";"1";"29";"0";"1";"0";"0";"0";"0";"0";"0";"0";"0";"0";"0";"0";"0";"0";"0";"0";"0";"0";"0";"0";"0";"0";"0";"0";"0";"0";"6";"0";"0";"0";"1";"0";"0";"0";"0";"0";"0";"0";"0";"0";"0";"0";"0";"0";"0";"0";"1";"0";"0";"0";"0";"3";"0";"0";"0";"0";"1";"0";"0";"0";"0";"2";"0";"0";"0";"0";"5";"0";"0";"0";"0";"6";"0";"0";"0";"2";"223";"0";"21";"0";"13";"4";"0";"1";"0";"0";"13";"0";"3";"0";"2";"0";"0";"0";"0";"1";"0";"0";"1";"0";"0";"0";"0";"0";"0";"0";"0";"0";"0";"0";"0";"0";"0";"0";"0";"0";"0";"0";"0";"0";"0";"1";"0";"0";"0";"0";"1";"0";"0";"0";"0";"2";"0";"0";"0";"0";"0";"0";"0";"0";"0";"1";"0";"0";"0";"0";"0";"0";"0";"0";"0";"0";"0";"0";"0";"0";"3";"0";"0";"0";"0";"0";"0";"0";"0";"0";"2";"0";"0";"0";"0";"111";"2";"160";"1";"11";"0";"0";"0";"0";"0";"0";"0";"0";"0";"0";"7";"0";"0";"0";"0";"242";"0";"24";"0";"16";"0";"0";"1";"0";"1";"0";"0";"0";"0";"0"
"[53] NUSA TENGGARA TIMUR";"[5310] SIKKA";"[5310080] ALOK";"53";"5310";"5310080";"7";"0";"0";"0";"1";"1";"0";"0";"0";"0";"0";"0";"0";"0";"0";"1";"0";"0";"0";"0";"0";"0";"0";"0";"0";"0";"0";"0";"0";"0";"0";"0";"0";"0";"0";"1";"0";"0";"0";"0";"1";"0";"0";"0";"0";"0";"0";"0";"0";"0";"0";"0";"0";"0";"0";"0";"0";"0";"0";"0";"0";"0";"0";"0";"0";"0";"0";"0";"0";"0";"1";"0";"0";"0";"0";"8";"0";"0";"0";"0";"0";"0";"0";"0";"0";"0";"0";"0";"0";"0";"0";"0";"0";"0";"0";"0";"0";"0";"0";"0";"1";"0";"0";"0";"0";"1";"0";"0";"0";"0";"0";"0";"0";"0";"0";"0";"0";"0";"0";"0";"0";"0";"0";"0";"0";"0";"0";"0";"0";"0";"0";"0";"0";"0";"1";"0";"0";"0";"0";"1";"0";"0";"0";"0";"0";"0";"0";"0";"0";"0";"0";"0";"0";"0";"0";"0";"0";"0";"1";"119";"7";"6";"0";"3";"4";"2";"1";"0";"0";"2";"0";"0";"0";"0";"2";"0";"0";"0";"0";"2";"0";"0";"0";"0";"14";"4";"2";"0";"0";"120";"6";"17";"1";"8";"0";"0";"0";"0";"0";"0";"0";"0";"0";"0";"0";"0";"0";"0";"0";"0";"0";"0";"0";"0";"0";"0";"0";"0";"0";"5";"0";"0";"0";"0";"0";"0";"0";"0";"0";"0";"0";"0";"0";"0";"1";"0";"0";"0";"0";"10";"0";"0";"0";"1";"9";"0";"0";"0";"0";"0";"0";"0";"0";"1";"2";"0";"0";"0";"0";"4";"0";"0";"0";"0";"3";"0";"0";"0";"0";"229";"0";"6";"0";"2";"3";"0";"0";"0";"0";"38";"0";"0";"1";"2";"0";"0";"0";"0";"0";"0";"0";"0";"0";"0";"0";"0";"0";"0";"1";"0";"0";"0";"0";"0";"0";"0";"0";"0";"0";"0";"0";"0";"0";"0";"2";"0";"0";"0";"0";"0";"0";"0";"0";"0";"13";"0";"0";"0";"0";"0";"0";"0";"0";"0";"0";"0";"0";"0";"0";"1";"0";"0";"0";"0";"0";"0";"0";"0";"0";"8";"0";"0";"0";"0";"1";"0";"0";"0";"0";"1";"0";"0";"0";"0";"241";"18";"25";"1";"10";"0";"0";"0";"0";"0";"1";"0";"0";"0";"0";"21";"0";"0";"0";"2";"257";"0";"6";"1";"4";"0";"0";"0";"0";"1";"0";"0";"0";"0";"0"
"[53] NUSA TENGGARA TIMUR";"[5310] SIKKA";"[5310081] ALOK BARAT";"53";"5310";"5310081";"4";"0";"0";"0";"0";"0";"0";"0";"0";"0";"0";"0";"0";"0";"0";"0";"0";"0";"0";"0";"0";"0";"0";"0";"0";"0";"0";"0";"0";"0";"3";"0";"0";"0";"0";"0";"0";"0";"0";"0";"0";"0";"0";"0";"0";"1";"0";"0";"0";"0";"0";"0";"0";"0";"0";"0";"0";"0";"0";"0";"0";"0";"0";"0";"0";"1";"0";"0";"0";"0";"0";"0";"0";"0";"0";"3";"0";"0";"0";"0";"0";"0";"0";"0";"0";"0";"0";"0";"0";"0";"0";"0";"0";"0";"0";"3";"0";"0";"0";"0";"0";"0";"0";"0";"0";"0";"0";"0";"0";"0";"0";"0";"0";"0";"0";"0";"0";"0";"0";"0";"0";"0";"0";"0";"0";"0";"0";"0";"0";"0";"0";"0";"0";"0";"1";"0";"0";"0";"0";"0";"0";"0";"0";"0";"0";"0";"0";"0";"0";"0";"0";"0";"0";"0";"0";"0";"0";"0";"0";"71";"5";"46";"0";"5";"0";"0";"0";"0";"0";"3";"0";"1";"0";"0";"2";"0";"0";"0";"0";"0";"0";"0";"0";"0";"2";"0";"0";"0";"0";"19";"0";"3";"0";"2";"0";"0";"0";"0";"0";"0";"0";"0";"0";"0";"0";"0";"0";"0";"0";"0";"0";"0";"0";"0";"0";"0";"0";"0";"0";"1";"0";"0";"0";"0";"0";"0";"0";"0";"0";"0";"0";"0";"0";"0";"0";"0";"0";"0";"0";"3";"0";"0";"0";"0";"5";"0";"0";"0";"0";"2";"0";"0";"0";"0";"3";"0";"0";"0";"0";"1";"0";"0";"0";"0";"0";"0";"0";"0";"0";"61";"0";"12";"0";"3";"1";"0";"0";"0";"0";"20";"0";"0";"0";"1";"0";"0";"0";"0";"0";"0";"0";"0";"0";"0";"0";"0";"0";"0";"0";"0";"0";"0";"0";"0";"0";"0";"0";"0";"0";"1";"0";"0";"0";"0";"1";"0";"0";"0";"0";"1";"0";"0";"0";"0";"0";"0";"0";"0";"0";"0";"0";"0";"0";"0";"0";"0";"0";"0";"0";"3";"0";"0";"0";"0";"1";"0";"0";"0";"0";"3";"0";"0";"0";"0";"3";"0";"0";"0";"0";"1";"0";"0";"0";"0";"90";"5";"48";"0";"7";"0";"0";"0";"0";"0";"0";"0";"0";"0";"0";"13";"0";"0";"0";"0";"75";"0";"12";"0";"4";"0";"0";"0";"0";"0";"1";"0";"0";"0";"0"
"[53] NUSA TENGGARA TIMUR";"[5310] SIKKA";"[5310082] ALOK TIMUR";"53";"5310";"5310082";"41";"0";"0";"0";"11";"3";"0";"0";"0";"0";"0";"0";"0";"0";"0";"0";"0";"0";"0";"0";"0";"0";"0";"0";"0";"0";"0";"0";"0";"0";"0";"0";"0";"0";"0";"3";"0";"0";"0";"1";"1";"0";"0";"0";"0";"2";"0";"0";"0";"0";"0";"0";"0";"0";"0";"1";"0";"0";"0";"0";"0";"0";"0";"0";"0";"0";"0";"0";"0";"0";"1";"0";"0";"0";"0";"3";"0";"0";"0";"1";"0";"0";"0";"0";"0";"0";"0";"0";"0";"0";"0";"0";"0";"0";"0";"0";"0";"0";"0";"0";"0";"0";"0";"0";"0";"0";"0";"0";"0";"0";"0";"0";"0";"0";"0";"0";"0";"0";"0";"0";"0";"0";"0";"0";"0";"0";"0";"0";"0";"1";"0";"0";"0";"0";"0";"0";"0";"0";"0";"0";"0";"0";"0";"0";"0";"0";"0";"0";"0";"0";"0";"0";"0";"0";"0";"0";"0";"0";"1";"149";"1";"0";"0";"5";"0";"0";"0";"0";"0";"4";"0";"0";"0";"1";"2";"0";"0";"0";"1";"0";"0";"0";"0";"0";"15";"0";"0";"0";"0";"8";"0";"0";"0";"1";"0";"0";"0";"0";"0";"0";"0";"0";"0";"0";"0";"0";"0";"0";"0";"0";"0";"0";"0";"0";"0";"0";"0";"0";"0";"17";"0";"0";"0";"6";"8";"0";"0";"0";"4";"0";"0";"0";"0";"0";"0";"0";"0";"0";"0";"27";"0";"0";"0";"1";"24";"0";"0";"0";"0";"1";"0";"0";"0";"0";"4";"0";"0";"0";"1";"3";"0";"0";"0";"0";"9";"0";"0";"0";"0";"296";"0";"0";"0";"13";"28";"0";"0";"0";"2";"22";"0";"0";"0";"0";"1";"0";"0";"0";"0";"0";"0";"0";"0";"1";"0";"0";"0";"0";"0";"3";"0";"0";"0";"1";"0";"0";"0";"0";"0";"0";"0";"0";"0";"0";"1";"0";"0";"0";"1";"0";"0";"0";"0";"0";"3";"0";"0";"0";"0";"0";"0";"0";"0";"0";"0";"0";"0";"0";"0";"0";"0";"0";"0";"0";"1";"0";"0";"0";"0";"3";"0";"0";"0";"1";"0";"0";"0";"0";"0";"0";"0";"0";"0";"1";"168";"1";"0";"0";"7";"0";"0";"0";"0";"0";"8";"0";"0";"0";"4";"56";"0";"0";"0";"2";"331";"0";"0";"0";"15";"1";"0";"0";"0";"1";"3";"0";"0";"0";"1"
"[53] NUSA TENGGARA TIMUR";"[5310] SIKKA";"[5310] SIKKA";"53";"5310";"5310999";"1904";"15";"70";"43";"348";"5";"0";"0";"0";"0";"0";"0";"0";"0";"1";"4";"0";"0";"0";"0";"1";"0";"0";"0";"0";"0";"0";"0";"0";"0";"9";"0";"0";"0";"0";"51";"0";"0";"1";"15";"64";"0";"0";"8";"2";"9";"0";"0";"0";"0";"0";"0";"0";"0";"1";"24";"0";"0";"3";"24";"26";"0";"0";"0";"8";"166";"0";"0";"21";"110";"23";"0";"0";"0";"1";"62";"0";"0";"1";"6";"0";"0";"0";"0";"0";"0";"0";"0";"0";"0";"0";"0";"0";"0";"0";"13";"0";"0";"0";"3";"3";"0";"0";"0";"0";"1";"0";"0";"0";"0";"0";"0";"0";"0";"0";"9";"0";"0";"0";"2";"1";"0";"0";"0";"0";"1";"0";"0";"0";"2";"11";"0";"0";"6";"10";"0";"0";"1";"11";"3";"0";"0";"0";"0";"0";"0";"0";"0";"0";"0";"0";"0";"0";"0";"6";"0";"0";"0";"2";"948";"49";"256";"14";"80";"7";"2";"2";"0";"0";"16";"0";"2";"0";"2";"34";"0";"1";"0";"1";"2";"0";"1";"0";"1";"54";"4";"15";"0";"4";"479";"19";"91";"9";"53";"0";"0";"0";"0";"0";"0";"0";"0";"0";"0";"0";"0";"0";"0";"0";"0";"0";"0";"0";"0";"0";"0";"0";"0";"0";"441";"0";"1";"41";"75";"304";"0";"0";"1";"11";"10";"0";"0";"0";"1";"449";"0";"0";"7";"34";"123";"0";"0";"2";"5";"258";"0";"1";"1";"9";"33";"1";"0";"0";"1";"69";"0";"0";"0";"12";"109";"0";"1";"0";"10";"104";"0";"3";"1";"4";"9731";"182";"268";"93";"493";"69";"1";"1";"0";"7";"1243";"2";"19";"25";"87";"5";"0";"0";"0";"2";"26";"0";"1";"0";"13";"56";"0";"0";"0";"16";"15";"0";"0";"0";"1";"12";"0";"0";"1";"0";"197";"0";"0";"2";"13";"17";"0";"0";"2";"4";"35";"0";"0";"0";"5";"43";"1";"0";"0";"3";"0";"0";"0";"0";"0";"3";"0";"0";"0";"0";"14";"0";"0";"0";"0";"216";"0";"0";"24";"142";"62";"0";"0";"1";"6";"16";"0";"0";"0";"3";"31";"0";"0";"1";"21";"1458";"72";"345";"23";"138";"0";"0";"0";"0";"0";"698";"0";"0";"8";"46";"475";"1";"1";"3";"26";"10465";"185";"288";"115";"584";"87";"0";"1";"0";"31";"224";"0";"0";"3";"14"
